txn,traders,buy_ratio,mc,velocity,whale_count,migrated
19,11,0.5789473684210527,6991.1433803781965,0,0,1
12,10,0.8333333333333334,8512.493099432591,0,0,1
35,27,0.7428571428571429,10481.713335348495,0,0,0
20,17,0.85,19688.293616969615,0,0,1
16,12,0.6875,10506.588552855132,0,0,1
48,33,0.7916666666666666,11120.602704120196,0,0,1
30,22,0.7333333333333333,25062.848721643608,0,0,1
69,46,0.7246376811594203,43236.593578141146,0,0,1
46,38,0.782608695652174,17213.811627534677,0,0,1
17,15,0.8823529411764706,16250.168138437803,0,0,1
28,20,0.75,20752.120730083432,0,0,1
50,34,0.68,12732.376150270924,0,1,1
4,4,0.25,5635.6143965467,0,0,1
4,4,0.75,19147.18101098074,0,0,1
87,59,0.7011494252873564,21079.55857456125,0,0,1
68,48,0.7205882352941176,22392.347080487947,0,1,1
3,2,0.3333333333333333,319166.7731282067,0,0,1
2,2,0.5,227103.1681736809,0,0,1
37,32,0.8108108108108109,27723.6878488529,0,0,1
1,1,0.0,331304.0741028374,0,0,1
32,26,0.625,10197.66598270961,0,0,0
26,22,0.8076923076923077,15508.312586413496,0,2,1
32,26,0.625,10197.66598270961,0,0,1
121,76,0.7520661157024794,36164.26994786309,0,0,0
11,11,0.9090909090909091,19702.033613706113,0,0,1
121,76,0.7520661157024794,36164.26994786309,0,0,1
16,12,0.75,7773.112542930074,0,0,1
20,11,0.45,15572.402526298987,0,0,1
64,45,0.671875,12591.552457937567,0,0,0
55,49,0.8545454545454545,10700.036958110286,0,0,1
62,46,0.8064516129032258,22192.6847828274,0,1,0
53,40,0.7547169811320755,17064.89062074246,0,1,0
19,15,0.5263157894736842,9383.297286772311,0,0,1
56,39,0.6785714285714286,10565.092581452054,0,0,0
27,21,0.8518518518518519,40097.365965708064,0,0,1
56,39,0.6785714285714286,10565.092581452054,0,0,1
14,13,0.8571428571428571,17991.071517030094,0,0,0
43,28,0.6744186046511628,17886.933905269725,0,0,1
22,18,0.7727272727272727,12714.70473389066,0,0,1
31,28,0.9354838709677419,32906.65341601968,0,0,1
27,25,0.8888888888888888,12941.365331864878,0,1,1
4,3,0.5,8862.544539901013,0,1,1
25,24,0.84,18603.971904165075,0,0,1
25,24,0.84,18603.971904165075,0,0,1
43,38,0.9069767441860465,31704.157805252016,0,0,1
45,33,0.7333333333333333,9037.87436159853,0,1,1
1,1,1.0,14635.639579267576,0,0,1
45,33,0.7333333333333333,9037.87436159853,0,1,1
35,30,0.8857142857142857,26554.174248542255,0,0,1
2,2,1.0,8282.35131951671,0,0,1
11,6,0.45454545454545453,6740.4207147700145,0,0,1
11,6,0.45454545454545453,6740.4207147700145,0,0,1
41,28,0.6829268292682927,15172.662225681444,0,1,1
8,6,0.375,6786.475165049342,0,0,1
14,11,0.5714285714285714,6195.550476007807,0,0,1
46,35,0.7608695652173914,17982.770182072436,0,1,1
1,1,1.0,335299.77773825865,0,0,1
51,34,0.6666666666666666,12008.837457497868,0,1,1
24,15,0.5833333333333334,8924.301771951446,0,0,0
17,9,0.5294117647058824,7960.464405669192,0,0,1
13,13,1.0,28438.04159690227,0,0,1
26,25,0.9230769230769231,27850.494296034743,0,0,1
39,27,0.6666666666666666,11734.412459979203,0,1,0
39,27,0.6666666666666666,11734.412459979203,0,1,1
62,49,0.7419354838709677,10721.611735684646,0,0,1
5,4,1.0,15989.227975377456,0,0,1
45,32,0.6666666666666666,10744.792679571192,0,0,1
6,6,0.8333333333333334,11686.57240033549,0,0,0
6,6,0.8333333333333334,11686.57240033549,0,0,1
24,15,0.5833333333333334,8924.301771951446,0,0,1
49,39,0.7755102040816326,40985.69197729983,0,1,1
44,37,0.8181818181818182,38054.015416407216,0,1,1
29,20,0.7241379310344828,13491.42529895954,0,0,0
21,21,0.9523809523809523,19849.318188209254,0,0,1
15,15,1.0,18928.470217236834,0,0,1
17,15,0.8823529411764706,15026.323215213455,0,0,0
15,15,1.0,18928.470217236834,0,0,1
18,18,1.0,24072.10514834612,0,0,1
22,21,0.9545454545454546,19878.906339815676,0,0,1
170,108,0.7294117647058823,14418.67923236961,0,1,0
170,108,0.7294117647058823,14418.67923236961,0,1,1
3,3,1.0,12355.194151502685,0,0,1
27,25,0.9259259259259259,27781.864078214632,0,0,1
12,12,0.8333333333333334,12227.955570512542,0,0,0
6,5,0.6666666666666666,13506.48624414587,0,0,1
36,32,0.8333333333333334,12932.980607663467,0,0,0
36,32,0.8333333333333334,12932.980607663467,0,0,1
29,26,0.9310344827586207,40421.639295162764,0,0,1
38,35,0.9473684210526315,40605.12258816098,0,0,1
45,39,0.8444444444444444,10203.092987423592,0,1,0
45,39,0.8444444444444444,10203.092987423592,0,1,1
45,36,0.8,10412.893620038843,0,1,1
21,18,0.8571428571428571,10842.944972343139,0,0,0
21,18,0.8571428571428571,10842.944972343139,0,0,1
33,27,0.7575757575757576,10216.032678610964,0,0,1
12,10,0.6666666666666666,16884.612581266487,0,0,0
12,10,0.6666666666666666,16884.612581266487,0,0,1
15,12,0.8,9757.92815835734,0,1,1
2,1,0.0,320309.13459325925,0,0,1
4,4,1.0,15789.479317980436,0,0,1
18,16,0.8333333333333334,16408.560541732775,0,0,0
18,16,0.8333333333333334,16408.560541732775,0,0,1
121,87,0.7520661157024794,45123.103008414764,0,0,0
18,16,0.8333333333333334,12089.430958585468,0,0,1
39,31,0.7948717948717948,15263.330927134071,0,1,0
46,33,0.6521739130434783,29040.239523073673,0,0,1
14,12,0.7857142857142857,7465.134561241595,0,0,1
30,24,0.8,13851.969215684543,0,1,1
35,25,0.7428571428571429,11176.027016185983,0,1,1
57,47,0.8070175438596491,53269.02852176762,0,1,1
7,5,0.5714285714285714,6752.885554533486,0,0,1
6,6,0.8333333333333334,10964.448234468491,0,0,1
6,6,0.8333333333333334,10964.448234468491,0,0,1
2,2,0.0,5854.466266538874,0,0,1
81,56,0.6790123456790124,18083.022124665385,0,1,1
30,26,0.8666666666666667,22325.213879156836,0,0,1
81,56,0.6790123456790124,18083.022124665385,0,1,1
10,9,0.8,11446.590095042275,0,0,0
25,20,0.8,12525.250964844168,0,0,1
17,15,0.8823529411764706,9446.988998705514,0,0,0
53,37,0.7547169811320755,12159.34055478879,0,1,0
7,6,0.5714285714285714,7334.453741625705,0,0,0
1,1,1.0,5602.775930888809,0,0,0
1,1,0.0,5638.97794287663,0,0,0
17,15,0.8235294117647058,9306.744687323227,0,0,0
1,1,1.0,5599.164804500569,0,0,0
2,1,0.0,5592.680862933336,0,0,0
3,2,0.6666666666666666,5697.5014358801,0,0,0
25,22,0.72,9566.027044873217,0,0,0
1,1,1.0,5671.342510840356,0,0,0
32,20,0.59375,9036.769711484732,0,0,0
83,56,0.6746987951807228,16446.099723875886,0,0,0
97,60,0.6907216494845361,25887.48467696293,0,0,0
86,58,0.6395348837209303,19029.4281876577,0,1,0
57,45,0.7719298245614035,18747.22489187882,0,1,0
21,21,0.9047619047619048,11930.69232059893,0,0,0
1,1,0.0,5662.523446452044,0,0,0
31,26,0.7419354838709677,21668.301919025576,0,0,0
58,35,0.5862068965517241,7645.295166379553,0,0,0
18,15,0.8333333333333334,8183.992622566666,0,0,0
1,1,1.0,5623.54880815875,0,0,0
6,6,1.0,9914.028144938266,0,1,0
1,1,0.0,6351.716978257663,0,0,0
2,1,0.5,5966.043617221617,0,0,0
57,43,0.7368421052631579,15379.07633305012,0,0,0
17,15,0.5294117647058824,8231.461306476685,0,0,0
39,33,0.7692307692307693,9611.610316255785,0,1,0
2,2,0.5,6344.5637201347945,0,0,0
2,1,1.0,5719.2089277602545,0,0,0
6,3,0.5,5632.165326560809,0,0,0
10,9,0.7,7405.0604917301525,0,1,0
39,32,0.7692307692307693,11351.069081979478,0,1,0
28,20,0.7142857142857143,8483.559983856741,0,0,0
66,45,0.7575757575757576,11759.94933990143,0,1,0
6,4,0.6666666666666666,6942.829560700815,0,1,0
2,1,0.5,5649.760180909063,0,0,0
66,47,0.5757575757575758,9133.69738896278,0,0,0
30,22,0.6,7876.8221268365305,0,0,0
1,1,0.0,5685.32611456308,0,0,0
72,48,0.6666666666666666,15930.079961422354,0,0,0
1,1,1.0,6182.14912088514,0,0,0
1,1,0.0,5591.798695246971,0,0,0
28,21,0.6428571428571429,8299.31678378758,0,0,0
9,5,0.5555555555555556,5602.849677507643,0,0,0
19,11,0.5263157894736842,7210.337941789357,0,0,0
5,5,0.8,7662.958742398777,0,0,0
50,32,0.64,8859.713083851793,0,1,0
1,1,0.0,5680.273934368033,0,0,0
25,21,0.6,8233.317891126402,0,0,0
23,21,0.8695652173913043,23443.443823698988,0,0,0
18,14,0.7777777777777778,9745.118240011656,0,0,0
47,34,0.6382978723404256,9460.057822144587,0,0,0
43,32,0.6511627906976745,11423.30009133711,0,0,0
2,2,0.5,5702.7994358150345,0,0,0
32,24,0.78125,8510.83354509904,0,0,0
9,6,0.5555555555555556,6498.844780312399,0,0,0
16,13,0.875,10295.471275265829,0,0,0
23,18,0.6956521739130435,19105.923273710396,0,0,0
1,1,0.0,5621.292224107412,0,0,0
11,7,0.36363636363636365,6352.409833011853,0,0,0
1,1,0.0,5710.238273952487,0,0,0
34,29,0.8235294117647058,24461.839683683593,0,0,0
58,47,0.7586206896551724,10225.357020071879,0,0,0
34,28,0.7352941176470589,10234.621578455295,0,0,0
2,2,0.5,8466.060307574113,0,0,0
21,12,0.5714285714285714,5874.604669774755,0,0,0
1,1,1.0,5602.506717866013,0,0,0
1,1,0.0,5608.305514565593,0,0,0
1,1,1.0,5680.273934368513,0,0,0
54,45,0.7962962962962963,15793.088105193818,0,2,0
1,1,1.0,5858.854516637799,0,0,0
16,11,0.4375,6247.320722546118,0,0,0
21,15,0.7142857142857143,14809.214740685435,0,0,0
51,34,0.5882352941176471,7860.571256291761,0,0,0
1,1,1.0,5908.144412003364,0,0,0
7,4,0.42857142857142855,5697.5014358801,0,0,0
2,2,0.0,5965.984195389616,0,0,0
2,1,0.0,5666.906770765509,0,0,0
1,1,1.0,5612.435105154048,0,0,0
2,1,0.0,5591.798695246971,0,0,0
1,1,1.0,8545.991009490052,0,0,0
2,1,0.5,5758.708899543494,0,0,0
25,22,0.76,20055.609999564214,0,0,0
3,2,0.6666666666666666,6195.368929449492,0,0,0
6,5,0.6666666666666666,6528.368711612835,0,0,0
2,2,0.0,5760.203551841651,0,0,0
1,1,1.0,6242.298499859416,0,0,0
46,37,0.6956521739130435,11865.220237690055,0,1,0
55,40,0.7090909090909091,10998.254975181468,0,0,0
22,14,0.5454545454545454,6165.053188372012,0,0,0
52,40,0.7692307692307693,13956.147414860709,0,1,0
55,35,0.6181818181818182,10494.749973000013,0,1,0
2,1,1.0,6095.184999309489,0,0,0
7,4,0.2857142857142857,5702.7994358150345,0,0,0
14,12,0.7857142857142857,8999.35937901326,0,0,0
20,13,0.65,7876.241488443785,0,0,0
62,42,0.6451612903225806,11581.55921240263,0,1,0
13,10,0.3076923076923077,5614.224780128708,0,0,0
2,2,1.0,6775.192048965596,0,0,0
29,22,0.6896551724137931,15597.622790283493,0,0,0
3,1,0.3333333333333333,9928.215832316968,0,0,0
18,17,0.6111111111111112,8866.479756141744,0,0,0
29,20,0.6206896551724138,9817.206648887552,0,1,0
2,1,0.5,5614.602699651218,0,0,0
13,10,0.5384615384615384,6218.693055225148,0,0,0
2,2,0.0,5617.601291200385,0,0,0
8,6,0.5,6547.483997461861,0,0,0
2,2,0.0,5743.618086334234,0,0,0
42,35,0.8095238095238095,10895.54124053095,0,1,0
4,3,0.5,6352.665309668528,0,0,0
2,1,0.5,5600.984399872595,0,0,0
2,1,0.5,5813.013959227369,0,0,0
19,10,0.5263157894736842,6718.228115377194,0,0,0
4,3,0.75,6122.573225449405,0,0,0
6,5,0.8333333333333334,6778.485000487374,0,0,0
45,37,0.6444444444444445,14408.298891792225,0,1,0
5,4,0.8,7615.819623442076,0,0,0
1,1,0.0,7584.236238542988,0,0,0
14,12,0.8571428571428571,11799.931617506812,0,0,0
2,2,0.0,5920.380567020279,0,0,0
13,11,0.7692307692307693,6389.192241208936,0,0,0
21,14,0.5238095238095238,5970.073375548185,0,0,0
82,55,0.6097560975609756,14757.372219208066,0,1,0
31,23,0.6774193548387096,9776.320509493888,0,0,0
1,1,1.0,5591.798695246971,0,0,0
4,4,0.75,7937.212648081103,0,0,0
14,11,0.6428571428571429,6793.340604422818,0,0,0
11,11,0.9090909090909091,7254.00226578587,0,0,0
7,6,0.8571428571428571,7714.747312904834,0,0,0
28,24,0.8214285714285714,9470.372388969898,0,0,0
10,7,0.6,7813.907955150952,0,0,0
10,9,0.8,9841.256833084488,0,0,0
62,44,0.7096774193548387,16030.395753078948,0,0,0
19,14,0.7894736842105263,10244.019021420185,0,1,0
1,1,1.0,5602.849677507643,0,0,0
25,18,0.72,7581.813343198057,0,0,0
3,3,0.3333333333333333,5597.282277566903,0,0,0
7,7,0.2857142857142857,6271.852150285802,0,0,0
68,48,0.7205882352941176,22392.347080487947,0,1,0
11,10,0.45454545454545453,5627.737438213039,0,0,0
7,5,0.5714285714285714,6561.9910918868345,0,0,0
3,3,0.0,5591.798695246971,0,0,0
9,8,0.7777777777777778,7129.729133133376,0,0,0
24,16,0.5833333333333334,10744.60500406053,0,0,0
1,1,1.0,5626.367207470531,0,0,0
10,8,0.7,11011.76369792937,0,0,0
20,11,0.45,15572.402526298987,0,0,0
4,4,0.5,5630.425068755028,0,0,0
13,12,0.6923076923076923,6798.638789051398,0,0,0
7,5,0.7142857142857143,7626.524334259307,0,0,0
8,5,0.375,5981.363525394665,0,0,0
14,10,0.42857142857142855,9619.445929527179,0,0,0
2,1,0.0,5591.798695246971,0,0,0
2,2,1.0,5609.728624034883,0,0,0
14,11,0.6428571428571429,7049.027730168493,0,0,0
3,2,0.3333333333333333,5962.241168046946,0,0,0
8,7,0.625,7667.175199447269,0,0,0
2,2,0.5,5852.497404759026,0,0,0
17,14,0.7647058823529411,9909.61027899564,0,0,0
5,4,0.4,5591.798695246971,0,0,0
12,10,0.5833333333333334,11116.596452272563,0,0,0
1,1,0.0,5627.135147788393,0,0,0
10,7,0.7,6574.748215165611,0,0,0
2,2,0.0,5674.141861628851,0,0,0
94,59,0.6808510638297872,28576.71723061304,0,1,0
3,2,0.3333333333333333,5969.787837728802,0,0,0
9,7,0.6666666666666666,6099.748587575669,0,0,0
8,6,0.75,6294.427349630878,0,0,0
1,1,0.0,6037.099870778188,0,0,0
49,30,0.6122448979591837,10036.296820553373,0,1,0
29,19,0.6551724137931034,11266.761854295873,0,0,0
3,2,0.3333333333333333,6331.040570842424,0,0,0
34,26,0.6470588235294118,12438.774029295386,0,0,0
64,43,0.625,15454.456329237333,0,1,0
3,3,1.0,35634.31435826316,0,0,0
19,14,0.631578947368421,7218.430536752554,0,0,0
1,1,1.0,5962.241167687101,0,0,0
16,13,0.75,8567.60621256045,0,1,0
20,16,0.8,6815.727486482142,0,0,0
3,2,0.3333333333333333,5592.544293258772,0,0,0
10,9,0.7,7255.049844706696,0,0,0
29,24,0.7931034482758621,9459.0355844422,0,2,0
7,6,0.2857142857142857,5592.4747679962575,0,0,0
3,3,0.3333333333333333,5607.504628779416,0,0,0
30,25,0.8666666666666667,15317.212324909224,0,0,0
39,30,0.6666666666666666,7741.573840578909,0,0,0
4,3,0.75,9797.916972614956,0,0,0
3,3,1.0,6069.530442366917,0,0,0
1,1,0.0,5769.773920256621,0,0,0
28,22,0.7142857142857143,8700.487684928623,0,0,0
55,41,0.7454545454545455,28150.525782365465,0,0,0
4,2,0.25,5592.544293258772,0,0,0
19,14,0.8421052631578947,7442.6631515287,0,1,0
72,49,0.6111111111111112,15238.861178940653,0,1,0
6,6,0.8333333333333334,5597.95674676567,0,0,0
36,27,0.75,15906.525464876648,0,1,0
29,17,0.5517241379310345,5719.213965154388,0,0,0
35,29,0.8285714285714286,11703.773025461735,0,0,0
2,1,1.0,5642.684591216607,0,0,0
3,3,0.0,6279.04286597047,0,0,0
2,2,0.0,5591.798695246971,0,0,0
5,5,0.2,5615.768065786741,0,0,0
34,25,0.6764705882352942,10490.604321868332,0,1,0
32,21,0.53125,7592.297336599775,0,0,0
44,28,0.6363636363636364,8716.903341122197,0,1,0
4,2,0.25,5857.972074293835,0,0,0
16,12,0.8125,8268.150423590268,0,0,0
93,57,0.6236559139784946,19064.188664249086,0,2,0
13,9,0.5384615384615384,5756.765569577971,0,0,0
69,48,0.7101449275362319,18675.065784257684,0,0,0
60,46,0.7166666666666667,10537.862512154747,0,0,0
39,32,0.8717948717948718,12658.221922022387,0,1,0
24,18,0.7083333333333334,12235.510343916078,0,0,0
31,23,0.6129032258064516,7331.170042345075,0,1,0
2,2,0.0,5591.798695246971,0,0,0
5,3,0.4,6046.3984664345535,0,0,0
6,5,0.16666666666666666,6362.755794941809,0,0,0
38,27,0.631578947368421,8029.242954845561,0,1,0
1,1,0.0,5650.803625036595,0,0,0
1,1,1.0,5805.523610123735,0,0,0
1,1,1.0,5698.052566094804,0,0,0
7,6,0.7142857142857143,6006.562135273746,0,0,0
3,2,0.3333333333333333,5727.750271821062,0,0,0
3,2,0.0,5702.7994354348675,0,0,0
3,2,0.6666666666666666,5698.1205437506,0,0,0
1,1,0.0,5701.684028350846,0,0,0
11,8,0.36363636363636365,5620.824308047763,0,0,0
2,1,0.5,5591.798695246971,0,0,0
1,1,1.0,6242.893619190085,0,0,0
3,3,0.3333333333333333,6364.27113843967,0,0,0
68,43,0.6764705882352942,13444.679806327415,0,1,0
1,1,0.0,5658.268229249071,0,0,0
5,3,0.6,6073.709361910401,0,0,0
17,13,0.7647058823529411,12015.63189520291,0,0,0
2,1,0.0,5591.798695246971,0,0,0
18,12,0.5555555555555556,37658.92242837511,0,0,0
18,14,0.7777777777777778,7775.16303157992,0,0,0
2,1,0.5,5628.248620182328,0,0,0
4,3,0.5,5591.798695246971,0,0,0
18,11,0.5555555555555556,6501.355088781255,0,0,0
1,1,0.0,5592.166885091381,0,0,0
14,12,0.42857142857142855,6137.733887952078,0,0,0
16,12,0.75,7773.112542930074,0,0,0
14,10,0.7142857142857143,8381.721627122517,0,0,0
10,8,0.8,9964.858075821146,0,0,0
9,8,0.7777777777777778,7655.098662444476,0,0,0
2,1,0.5,5966.994419109893,0,0,0
6,4,0.3333333333333333,5683.295555913203,0,0,0
4,4,0.5,8158.890510683472,0,0,0
2,1,0.5,5591.798695246971,0,0,0
1,1,0.0,6184.299862631409,0,0,0
2,2,0.0,6004.104974731356,0,0,0
2,2,0.5,5684.12998793321,0,0,0
6,5,0.8333333333333334,12906.637117616634,0,0,0
112,68,0.6160714285714286,30287.296342364498,0,1,0
12,8,0.4166666666666667,5966.043617619219,0,0,0
2,1,0.5,5603.553261974192,0,0,0
5,4,0.2,7157.340054465253,0,0,0
49,38,0.6938775510204082,9423.750784016644,0,2,0
7,6,0.8571428571428571,6124.210898673104,0,0,0
8,8,0.625,6388.714827118423,0,0,0
1,1,0.0,5597.8405713314705,0,0,0
16,13,0.6875,7768.268827253157,0,0,0
3,2,0.3333333333333333,6304.6239621170325,0,0,0
10,10,0.8,8213.51918748236,0,0,0
11,8,0.45454545454545453,8687.710879052793,0,0,0
1,1,0.0,5592.166885091381,0,0,0
5,5,0.6,8044.235671808883,0,0,0
2,1,0.5,5610.204590458787,0,0,0
14,13,0.7142857142857143,6897.827019289589,0,0,0
24,18,0.5833333333333334,7018.671143514285,0,0,0
87,59,0.7011494252873564,21079.55857456125,0,0,1
47,37,0.7446808510638298,11609.678523171495,0,1,0
2,2,0.0,6366.913043662924,0,0,0
1,1,1.0,6133.626295345716,0,0,0
2,1,0.0,5938.996585027698,0,0,0
10,6,0.5,6177.876517973204,0,0,0
17,16,0.8823529411764706,8247.011582854728,0,0,0
1,1,0.0,5591.798695246971,0,0,0
12,6,0.0,7470.348496624645,0,0,0
13,10,0.6923076923076923,6961.433472372407,0,0,0
1,1,0.0,5610.665617723746,0,0,0
4,4,0.5,6163.5989956694875,0,0,0
8,6,0.375,6617.498074283648,0,0,0
29,20,0.5862068965517241,5916.05778277787,0,0,0
47,31,0.6595744680851063,13377.670015870652,0,0,0
12,10,0.3333333333333333,8433.389050656533,0,0,0
19,16,0.7894736842105263,12138.676554420495,0,0,0
21,17,0.6666666666666666,7883.245004280913,0,0,0
3,2,0.0,5609.559891543231,0,0,0
1,1,1.0,6157.711563687985,0,0,0
6,3,0.5,6359.256294095356,0,0,0
7,6,0.42857142857142855,6949.5549177845105,0,0,0
53,37,0.6981132075471698,15928.00358751669,0,2,0
2,1,1.0,5725.7299687587565,0,0,0
15,10,0.7333333333333333,7598.340276025558,0,0,0
4,4,0.25,6481.5611728487465,0,0,0
17,15,0.8235294117647058,7424.135721114958,0,0,0
1,1,0.0,5591.798695246971,0,0,0
14,14,0.7857142857142857,9736.986054432495,0,0,0
22,16,0.6818181818181818,7721.163069172743,0,0,0
12,12,0.9166666666666666,7371.262427446363,0,0,0
1,1,0.0,5615.387313131135,0,0,0
7,6,0.5714285714285714,6222.636279475025,0,0,0
9,5,0.5555555555555556,6060.466331877921,0,0,0
17,6,0.8823529411764706,11850.357577403303,0,0,0
1,1,1.0,5665.67797590455,0,0,0
14,13,0.8571428571428571,6929.932595843623,0,0,0
20,13,0.9,11042.83486068935,0,0,0
5,5,0.8,6540.624142487319,0,0,0
3,2,0.3333333333333333,5796.114618414573,0,0,0
1,1,0.0,5591.798695246971,0,0,0
4,4,0.25,5929.379054262604,0,0,0
1,1,0.0,5639.0619004268065,0,0,0
84,57,0.6904761904761905,24880.5491262986,0,2,0
28,20,0.6428571428571429,7366.862115273524,0,0,0
69,50,0.7681159420289855,16050.75464702691,0,0,0
2,2,0.5,5821.1573926108,0,0,0
18,16,0.8333333333333334,10185.805468463235,0,1,0
5,4,0.8,5725.833008752126,0,0,0
18,16,0.6111111111111112,8278.44439694286,0,0,0
29,17,0.6896551724137931,9676.904123232853,0,0,0
19,18,0.7894736842105263,7698.230187780069,0,0,0
19,14,0.631578947368421,7700.380512951465,0,0,0
14,12,0.8571428571428571,6668.024970645512,0,0,0
14,13,0.7857142857142857,6216.430920478479,0,0,0
4,3,0.25,6031.629202592085,0,0,0
7,4,0.42857142857142855,6610.1984277065185,0,0,0
3,3,0.3333333333333333,5631.690571252214,0,0,0
36,21,0.5,7073.369574110655,0,0,0
18,15,0.5555555555555556,7399.996333538113,0,0,0
135,81,0.7111111111111111,35029.14947435352,0,0,0
22,20,0.7272727272727273,8977.407606207182,0,0,0
2,1,0.5,5726.7748092458005,0,0,0
8,8,0.75,6345.163425494377,0,0,0
7,5,0.5714285714285714,8320.614790061725,0,0,0
45,25,0.6666666666666666,11817.704068406121,0,1,0
11,6,0.45454545454545453,5826.4669646693355,0,0,0
9,6,0.5555555555555556,5627.189318549929,0,0,0
26,22,0.5769230769230769,8654.368713043104,0,0,0
6,5,1.0,8234.255818546779,0,0,0
4,2,0.5,5594.801652626291,0,0,0
51,38,0.6078431372549019,7465.264789454297,0,0,0
46,30,0.717391304347826,10643.485152995912,0,0,0
23,20,0.6521739130434783,9263.515568083481,0,0,0
2,2,0.5,5592.47804157644,0,0,0
1,1,1.0,6465.535551433626,0,0,0
65,50,0.7538461538461538,18385.023998714598,0,2,0
9,8,0.7777777777777778,6409.333161804708,0,0,0
3,3,1.0,8534.79619751576,0,0,0
17,10,0.4117647058823529,5962.2788059703835,0,0,0
3,1,0.3333333333333333,5615.51274962184,0,0,0
3,2,0.3333333333333333,5781.091149413601,0,0,0
19,15,0.7368421052631579,7240.137445254436,0,0,0
13,9,0.46153846153846156,6670.262420580887,0,0,0
34,16,0.47058823529411764,5646.607710884058,0,0,0
49,27,0.5306122448979592,6780.85672777039,0,0,0
49,26,0.4897959183673469,6168.432609178254,0,0,0
36,19,0.4444444444444444,5591.979874622224,0,0,0
6,6,0.6666666666666666,6740.81261985926,0,0,0
5,3,0.6,6212.228292066628,0,0,0
5,4,0.2,5912.828509332888,0,0,0
36,25,0.6666666666666666,9218.170509915677,0,0,0
2,2,1.0,6820.248229411873,0,0,0
34,21,0.5294117647058824,9064.115823771286,0,0,0
3,2,0.6666666666666666,7643.955249590135,0,0,0
4,3,0.25,5748.639314460882,0,0,0
5,5,0.6,7320.5050551783825,0,0,0
37,25,0.7297297297297297,17145.94249676221,0,2,0
2,1,0.5,7728.845073085009,0,0,0
1,1,1.0,5594.37370321071,0,0,0
1,1,1.0,5610.2230602829495,0,0,0
110,58,0.6090909090909091,18247.217839180023,0,2,0
70,47,0.7428571428571429,18496.283152621345,0,0,0
82,61,0.6951219512195121,12640.606468717464,0,3,0
52,28,0.5769230769230769,5728.262288182621,0,2,0
3,2,0.3333333333333333,6791.007009286505,0,0,0
12,10,0.75,8176.401044608747,0,0,0
2,1,0.0,5591.798695246971,0,0,0
1,1,0.0,6028.003311496687,0,0,0
2,2,0.0,5965.650811100351,0,0,0
4,3,0.25,5739.669081661608,0,0,0
2,2,0.5,7422.73321956376,0,0,0
72,50,0.7222222222222222,15228.374022829721,0,3,0
2,1,0.5,5642.523421501454,0,0,0
11,9,0.5454545454545454,8426.737890183107,0,0,0
21,15,0.6666666666666666,6248.157853802333,0,1,0
2,2,1.0,11104.358730842985,0,0,0
1,1,0.0,5591.798695246971,0,0,0
1,1,1.0,5599.157431122624,0,0,0
89,58,0.6966292134831461,17856.487278492667,0,1,0
2,1,0.5,6003.75326907114,0,0,0
6,3,0.3333333333333333,5668.622752510569,0,0,0
2,2,0.5,5855.87863489258,0,0,0
18,13,0.6666666666666666,8789.945348297855,0,1,0
4,4,1.0,12763.212558451858,0,0,0
65,52,0.6923076923076923,13922.055436993398,0,0,0
3,2,0.3333333333333333,5591.798695246971,0,0,0
2,2,0.5,5832.546018770441,0,0,0
46,33,0.6086956521739131,10218.574953701509,0,1,0
4,2,0.5,5591.798695246971,0,0,0
15,12,0.6666666666666666,6762.664328297504,0,0,0
8,6,0.75,7201.269130329514,0,0,0
37,24,0.5405405405405406,7452.975548500245,0,1,0
31,24,0.7419354838709677,12872.39335773393,0,2,0
1,1,1.0,5950.5372393018615,0,0,0
22,16,0.6818181818181818,8020.084811143465,0,1,0
24,14,0.8333333333333334,10257.68214820947,0,1,0
3,2,0.3333333333333333,8022.935124753748,0,0,0
2,2,0.5,5653.389906414482,0,0,0
4,3,0.5,5689.245261658829,0,0,0
59,43,0.7796610169491526,21677.183925830577,0,1,0
55,36,0.6181818181818182,10511.20268222757,0,0,0
15,12,0.5333333333333333,8605.565264082394,0,0,0
1,1,1.0,5702.7994358150345,0,0,0
34,22,0.6470588235294118,6454.183227719346,0,0,0
6,6,0.3333333333333333,7159.527171542797,0,0,0
43,28,0.6744186046511628,17886.933905269725,0,0,1
2,2,1.0,6095.487964665271,0,0,0
50,27,0.6,10262.53138713533,0,0,0
14,10,0.5714285714285714,6406.959713706659,0,0,0
3,3,1.0,5698.841814609264,0,0,0
50,29,0.54,12204.733940589416,0,1,0
1,1,1.0,5626.896131101599,0,0,0
2,1,0.0,5781.950124587741,0,0,0
1,1,1.0,5644.854157688831,0,0,0
31,24,0.7096774193548387,11751.063153572935,0,0,0
3,2,0.3333333333333333,5591.798695246971,0,0,0
13,12,0.6923076923076923,8344.538034751318,0,0,0
2,2,0.0,5591.798695246971,0,0,0
16,15,0.875,9460.910733180588,0,0,0
9,7,0.6666666666666666,7228.688457578624,0,0,0
42,35,0.6904761904761905,10382.067474679723,0,0,0
12,7,0.5,5665.6033668907585,0,0,0
10,7,0.2,6153.909421114557,0,0,0
10,6,0.5,6456.690933420189,0,0,0
67,47,0.7164179104477612,16059.661017996936,0,1,0
22,16,0.6818181818181818,10988.108875211576,0,0,0
34,28,0.8823529411764706,42037.10440420593,0,0,0
43,26,0.46511627906976744,5650.161195148782,0,0,0
7,6,0.42857142857142855,8922.996849758261,0,0,0
27,25,0.8888888888888888,12941.365331864878,0,1,0
4,4,0.75,5729.232982620443,0,0,0
1,1,0.0,6008.904699163049,0,0,0
30,20,0.3333333333333333,6792.678996994123,0,0,0
1,1,1.0,5616.536392587028,0,0,0
23,17,0.6956521739130435,11162.410103541457,0,1,0
1,1,1.0,6987.574072933023,0,0,0
23,19,0.782608695652174,11181.749714983967,0,2,0
5,5,0.8,6891.444615012324,0,0,0
4,4,0.75,6441.695442851611,0,0,0
34,26,0.8235294117647058,8780.123039890908,0,2,0
31,28,0.9354838709677419,32906.65341601968,0,0,1
4,3,0.25,5591.798695246971,0,0,0
3,3,0.6666666666666666,5649.707292976371,0,0,0
52,38,0.7115384615384616,12807.275886088124,0,1,0
16,15,0.875,18559.277136944398,0,0,0
78,59,0.7435897435897436,16613.292064255547,0,0,0
43,26,0.5581395348837209,6511.12128889388,0,1,0
2,2,0.5,5619.587390495163,0,0,0
18,11,0.7222222222222222,8434.38577939746,0,1,0
51,25,0.47058823529411764,10243.455839186641,0,0,0
3,2,0.3333333333333333,5600.5672590874465,0,0,0
1,1,0.0,5591.798695246971,0,0,0
31,25,0.7096774193548387,9556.646525075506,0,0,0
60,41,0.6666666666666666,9589.109890236798,0,2,0
36,27,0.6111111111111112,8074.3784920165535,0,0,0
10,7,0.3,6362.224293258787,0,0,0
22,15,0.5909090909090909,8554.233566749524,0,0,0
29,20,0.5862068965517241,8881.313332272577,0,1,0
26,23,0.8076923076923077,10460.8581528503,0,0,0
46,34,0.7391304347826086,12221.875673318109,0,3,0
10,8,0.6,5734.32166903924,0,0,0
21,12,0.8571428571428571,12798.243864625965,0,1,0
22,17,0.6363636363636364,8000.0063120399645,0,0,0
20,14,0.65,9806.457622085589,0,2,0
13,12,0.9230769230769231,7451.851261684271,0,0,0
4,3,0.5,8862.544539901013,0,1,1
31,25,0.5806451612903226,7818.329110999283,0,0,0
35,33,0.8857142857142857,11360.410231303573,0,0,0
53,37,0.6981132075471698,12039.000759209952,0,1,0
2,2,0.0,7131.0036656955845,0,0,0
4,3,0.75,6098.227680383336,0,0,0
1,1,1.0,5724.772068667934,0,0,0
3,2,0.3333333333333333,6402.5573053843045,0,0,0
9,9,0.7777777777777778,7598.981134164129,0,0,0
2,2,1.0,6230.672327271218,0,0,0
17,16,0.7647058823529411,8267.393520248808,0,0,0
3,3,1.0,6543.262658302615,0,0,0
27,24,0.7037037037037037,17610.776957732945,0,2,0
1,1,1.0,5606.152703641364,0,0,0
2,1,0.0,5619.350743256247,0,0,0
43,21,0.4418604651162791,6677.404858757049,0,0,0
55,42,0.8181818181818182,15899.03744608844,0,0,0
45,30,0.6222222222222222,12161.13265618584,0,1,0
78,49,0.6153846153846154,9294.018052672496,0,2,0
19,15,0.6842105263157895,8804.941470544469,0,0,0
2,1,1.0,5719.316389801557,0,0,0
8,7,0.875,12813.922312057994,0,0,0
7,7,0.7142857142857143,5994.490879597712,0,0,0
8,7,0.625,6394.5387122210395,0,0,0
1,1,1.0,5651.163136020817,0,0,0
31,24,0.6774193548387096,8569.27755220838,0,0,0
3,2,0.3333333333333333,5591.983550554786,0,0,0
12,11,0.6666666666666666,6899.6210266528,0,0,0
5,4,0.6,5598.8181777648915,0,0,0
5,3,0.6,5647.457889084335,0,0,0
98,69,0.6530612244897959,14274.682292316274,0,2,0
14,12,0.7142857142857143,5984.098858425973,0,0,0
24,18,0.6666666666666666,10927.043255169989,0,0,0
4,3,0.0,6386.710739764361,0,0,0
18,11,0.5,6011.946677287476,0,0,0
3,3,0.3333333333333333,6690.4686569522,0,0,0
2,1,0.5,5591.798695246971,0,0,0
1,1,0.0,6134.088650850356,0,0,0
6,4,0.3333333333333333,5593.662783472935,0,0,0
3,2,0.3333333333333333,6177.4037030104555,0,0,0
23,17,0.6521739130434783,10059.172261772452,0,0,0
17,12,0.6470588235294118,5593.306021679077,0,0,0
64,45,0.71875,5805.40411438825,0,0,0
3,3,0.6666666666666666,6068.848657502066,0,0,0
9,5,0.4444444444444444,5807.168629391873,0,0,0
1,1,1.0,6134.088651243752,0,0,0
32,23,0.71875,11361.434593629398,0,0,0
25,15,0.6,6578.480342623414,0,0,0
2,2,0.5,5591.798695246971,0,0,0
4,4,0.0,6099.892995083499,0,0,0
7,5,0.2857142857142857,5598.627301364277,0,0,0
9,9,0.6666666666666666,6523.873413067554,0,0,0
5,3,0.4,5836.811497790997,0,0,0
3,2,0.3333333333333333,5974.164030354159,0,0,0
4,3,0.75,9839.05213802419,0,0,0
17,12,0.5882352941176471,6412.858961534281,0,0,0
4,3,0.5,5947.766683861644,0,0,0
11,11,0.8181818181818182,7746.502325019045,0,0,0
13,11,0.7692307692307693,9111.01375904942,0,0,0
29,27,0.7586206896551724,10986.460951046296,0,0,0
1,1,0.0,5796.085333832567,0,0,0
10,5,0.5,5777.409736291694,0,0,0
24,14,0.625,6395.98804847069,0,0,0
1,1,0.0,5592.534972976825,0,0,0
2,2,1.0,5928.006487480411,0,0,0
1,1,1.0,5636.777574661385,0,0,0
1,1,1.0,5706.612513178581,0,0,0
7,6,0.42857142857142855,7554.339504379087,0,0,0
20,17,0.75,8857.518258199438,0,0,0
8,7,0.5,8111.848296012147,0,0,0
9,6,0.6666666666666666,6813.146023110539,0,0,0
3,2,0.6666666666666666,6133.053724352233,0,0,0
2,2,0.5,5758.935695097125,0,0,0
2,2,0.0,5592.534972976825,0,0,0
1,1,1.0,5680.348077014345,0,0,0
5,3,0.6,5602.838610167251,0,0,0
55,39,0.7090909090909091,13093.44389350743,0,0,0
1,1,0.0,5593.08741403783,0,0,0
54,36,0.6666666666666666,8391.928031894258,0,0,0
5,3,0.6,5729.751189132429,0,0,0
4,2,0.5,6364.67546884435,0,0,0
118,84,0.8050847457627118,29085.003300246462,0,0,0
1,1,0.0,5591.798695246971,0,0,0
2,2,0.0,5620.087370723416,0,0,0
2,1,0.0,5594.008017996652,0,0,0
13,9,0.46153846153846156,5610.454323717882,0,0,0
1,1,0.0,6196.772814969629,0,0,0
4,4,0.25,5611.267578702159,0,0,0
1,1,0.0,5628.308338698214,0,0,0
34,26,0.6764705882352942,9450.635731344362,0,2,0
9,9,1.0,20909.379706496642,0,0,0
11,10,0.6363636363636364,6479.806433227744,0,0,0
2,2,0.0,5591.798695246971,0,0,0
2,1,0.5,5802.185917741181,0,0,0
15,13,0.6,7353.504480116779,0,0,0
19,11,0.3684210526315789,6925.143065562675,0,0,0
16,9,0.5625,5598.507509971945,0,0,0
45,26,0.5555555555555556,9685.308286112022,0,0,0
3,2,0.3333333333333333,6745.083214420379,0,0,0
5,4,0.8,6946.421039718058,0,0,0
15,12,0.6666666666666666,11091.370894936985,0,0,0
54,37,0.6296296296296297,12499.32929351505,0,0,0
3,2,0.3333333333333333,5591.798695246971,0,0,0
1,1,1.0,14635.639579267576,0,0,1
4,2,0.0,5724.403333100951,0,0,0
8,6,0.375,9188.87044614468,0,1,0
34,22,0.6176470588235294,9957.055767355674,0,0,0
6,3,0.3333333333333333,5702.7994354348675,0,0,0
2,2,1.0,5598.948050859519,0,0,0
13,9,0.6153846153846154,6392.861866161101,0,0,0
23,14,0.43478260869565216,5757.135436364491,0,0,0
38,26,0.6578947368421053,9267.154657905852,0,0,0
13,10,0.6153846153846154,7350.89831480915,0,0,0
58,45,0.7241379310344828,17583.9774478446,0,0,0
2,2,1.0,5702.42687728896,0,0,0
3,2,0.6666666666666666,5680.348077014472,0,0,0
50,39,0.7,10320.159751878895,0,1,0
9,6,0.4444444444444444,5796.133392160901,0,0,0
1,1,0.0,6750.035055579332,0,0,0
1,1,0.0,5628.677728549631,0,0,0
34,28,0.7058823529411765,9521.347144143432,0,0,0
2,1,0.5,5615.038820730969,0,0,0
10,6,0.5,6038.137861842848,0,0,0
5,3,0.4,5595.490260140311,0,0,0
1,1,0.0,5591.798695246971,0,0,0
1,1,1.0,5597.209923559656,0,0,0
11,7,0.5454545454545454,5659.133662335847,0,0,0
4,4,1.0,19003.305729081487,0,0,0
37,28,0.7567567567567568,12694.188414769915,0,2,0
7,6,0.8571428571428571,10131.070877473221,0,0,0
4,3,0.25,5596.354429678562,0,0,0
41,28,0.6829268292682927,15172.662225681444,0,1,1
12,11,0.8333333333333334,8478.187781182522,0,0,0
8,6,0.25,6232.104085265483,0,0,0
28,15,0.6785714285714286,10767.151857390852,0,0,0
3,2,0.3333333333333333,5591.798695246971,0,0,0
24,19,0.5416666666666666,6632.378796149091,0,0,0
13,7,0.5384615384615384,6198.46032070906,0,0,0
2,2,1.0,0.6762480367115802,0,0,0
33,21,0.5151515151515151,6897.932835350862,0,1,0
51,21,0.5490196078431373,14022.132417761972,0,1,0
5,4,0.4,5658.876319492019,0,0,0
122,80,0.6557377049180327,19065.716907617134,0,4,0
4,2,0.25,5878.867214784831,0,0,0
13,10,0.6153846153846154,8314.397546510452,0,0,0
16,10,0.5,5644.843300829343,0,0,0
2,1,0.5,5591.798695246971,0,0,0
2,1,0.5,5591.798695246971,0,0,0
19,10,0.3684210526315789,8483.27984977709,0,0,0
1,1,1.0,5592.166885091381,0,0,0
5,3,0.4,7154.106153856759,0,0,0
20,14,0.65,6647.46810161741,0,0,0
1,1,1.0,5644.800802190328,0,0,0
41,26,0.6585365853658537,9874.95449302487,0,1,0
3,2,0.3333333333333333,5615.331994696089,0,0,0
1,1,0.0,6252.469391587165,0,0,0
7,6,0.7142857142857143,10003.629574397522,0,0,0
22,18,0.7727272727272727,11865.80946097241,0,1,0
4,2,0.5,5591.798695246971,0,0,0
1,1,1.0,6809.186961136531,0,0,0
14,8,0.5714285714285714,7740.817648564424,0,0,0
20,12,0.6,9191.014600600416,0,0,0
2,1,0.5,5616.322021102535,0,0,0
12,7,0.75,8322.003477275839,0,0,0
24,16,0.7916666666666666,5811.314409237521,0,0,0
33,29,0.7878787878787878,8632.463069685535,0,0,0
52,35,0.6730769230769231,17551.396183707016,0,1,0
56,37,0.7142857142857143,13810.526186924219,0,0,0
27,20,0.5185185185185185,10315.81453653966,0,0,0
30,26,0.7666666666666667,13488.305740220945,0,0,0
31,18,0.6451612903225806,5695.79236466237,0,0,0
2,2,0.5,5699.881952581262,0,0,0
6,5,0.8333333333333334,5719.1196817951295,0,0,0
28,18,0.5357142857142857,8303.787899131057,0,1,0
1,1,0.0,5591.798695246971,0,0,0
47,33,0.7021276595744681,13105.809730391593,0,1,0
5,3,0.6,5665.67797590455,0,0,0
3,2,1.0,6438.515312907591,0,0,0
26,18,0.6923076923076923,11522.4586071532,0,0,0
15,8,0.4666666666666667,5591.798695246971,0,0,0
9,9,0.6666666666666666,9923.396041775393,0,0,0
2,2,1.0,19148.58764064353,0,0,0
1,1,0.0,6791.007009288947,0,0,0
28,17,0.5714285714285714,11161.539865249348,0,0,0
24,18,0.6666666666666666,9180.78119215275,0,0,0
3,2,0.3333333333333333,5870.530274128958,0,0,0
1,1,0.0,5628.640667855154,0,0,0
44,32,0.6136363636363636,10224.767638122488,0,0,0
27,17,0.7037037037037037,11165.721815407549,0,1,0
93,58,0.7526881720430108,19482.880337686773,0,0,0
6,3,0.5,5591.798695246971,0,0,0
50,39,0.72,10016.037522371942,0,1,0
17,14,0.6470588235294118,9447.69036081767,0,0,0
1,1,0.0,5627.135147788393,0,0,0
6,4,0.5,6155.195841314137,0,0,0
36,34,0.9166666666666666,30324.623513516253,0,0,0
80,48,0.6125,15827.177295198919,0,3,0
32,24,0.6875,13481.01344141275,0,0,0
17,10,0.5882352941176471,7356.850414906732,0,0,0
1,1,0.0,6201.254467964217,0,0,0
77,52,0.6883116883116883,5787.032978035761,0,0,0
3,3,0.0,5591.798695246971,0,0,0
66,45,0.6666666666666666,18839.07484389493,0,2,0
29,22,0.5172413793103449,8193.068365184818,0,0,0
7,5,0.42857142857142855,6427.18972566189,0,0,0
15,13,0.6,7740.677644207028,0,0,0
34,17,0.6470588235294118,12800.873508431045,0,0,0
20,15,0.6,14273.979914433705,0,1,0
5,2,0.4,5591.798695246971,0,0,0
64,37,0.59375,9962.440722903835,0,0,0
14,14,1.0,26296.820015427078,0,0,0
3,2,0.0,5595.900518948301,0,0,0
3,3,0.3333333333333333,6069.106027812491,0,0,0
4,3,0.25,5591.798695246971,0,0,0
10,6,0.6,7007.082276940541,0,0,0
43,29,0.627906976744186,9215.307709926958,0,0,0
1,1,1.0,5805.305045069702,0,0,0
5,4,0.0,6555.120466774315,0,0,0
25,18,0.84,10082.650143785804,0,3,0
3,3,1.0,5780.308739401129,0,0,0
21,15,0.6190476190476191,7276.6276031259085,0,0,0
27,13,0.6666666666666666,10109.554660006528,0,0,0
6,5,0.16666666666666666,6261.247446122913,0,0,0
1,1,0.0,5627.135147788393,0,0,0
62,49,0.7419354838709677,10721.611735684646,0,0,0
89,60,0.6741573033707865,16989.474464349016,0,1,0
4,3,0.0,5781.111612870353,0,0,0
1,1,0.0,5613.008510430747,0,0,0
19,14,0.6842105263157895,5766.876242401199,0,0,0
16,14,0.8125,5968.271610665642,0,0,0
15,13,0.8,6595.112426982749,0,0,0
38,25,0.631578947368421,11097.359765190246,0,3,0
3,2,0.3333333333333333,5591.798695246971,0,0,0
8,7,0.5,6985.96576575256,0,0,0
35,23,0.6571428571428571,12654.928831210655,0,0,0
21,11,0.5238095238095238,6804.655582238357,0,0,0
8,7,0.375,7253.498662652648,0,0,0
5,3,0.4,6060.807413931966,0,0,0
34,26,0.7647058823529411,13059.69017069295,0,1,0
11,9,0.7272727272727273,11209.117437329453,0,0,0
14,14,0.8571428571428571,11806.52956051263,0,0,0
15,11,0.6666666666666666,6177.130485935649,0,0,0
54,42,0.7777777777777778,14205.919908251877,0,1,0
14,11,0.5714285714285714,7172.312789417328,0,0,0
2,2,0.0,5591.798695246971,0,0,0
3,3,1.0,6527.7288301548,0,0,0
1,1,0.0,5641.903263162413,0,0,0
16,14,0.75,8490.697282957026,0,0,0
2,1,0.0,5757.956656359124,0,0,0
18,13,0.6666666666666666,7134.929598982578,0,0,0
9,6,0.4444444444444444,5972.72468294933,0,0,0
8,4,0.375,5599.163653695319,0,0,0
2,2,0.5,5591.800995378479,0,0,0
8,4,0.625,5600.257933478792,0,0,0
24,15,0.5833333333333334,8084.942163758478,0,0,0
11,11,0.9090909090909091,5685.339941991344,0,0,0
1,1,0.0,5591.798695246971,0,0,0
2,1,0.0,5634.215724965663,0,0,0
4,3,0.5,5593.662860029573,0,0,0
70,47,0.6142857142857143,11449.631633335654,0,1,0
3,3,0.0,6574.357882768885,0,0,0
1,1,0.0,5599.161118649624,0,0,0
2,2,1.0,6037.368635599182,0,0,0
26,18,0.6538461538461539,7753.4224912758245,0,0,0
138,96,0.7391304347826086,25886.43128866499,0,0,0
1,1,0.0,7078.725367372709,0,0,0
3,2,0.3333333333333333,5665.67797590455,0,0,0
35,30,0.8285714285714286,12171.40884611443,0,0,0
110,80,0.7090909090909091,29797.26745766707,0,5,0
2,1,0.5,5621.292225229591,0,0,0
26,25,0.8846153846153846,30034.820673869854,0,0,0
1,1,0.0,5925.602875299786,0,0,0
4,2,0.5,6118.425190096953,0,0,0
2,1,0.5,6162.345653051751,0,0,0
5,3,0.6,5889.9146745861,0,0,0
1,1,0.0,5613.911568930604,0,0,0
8,5,0.5,5783.536036377028,0,0,0
44,35,0.7727272727272727,15049.158815314244,0,2,0
37,24,0.6486486486486487,9364.922970383355,0,1,0
2,1,0.5,5591.798695246971,0,0,0
64,41,0.703125,16087.89077423755,0,2,0
19,16,0.6842105263157895,9719.059681835728,0,0,0
13,9,0.6923076923076923,9690.885882634318,0,0,0
29,15,0.8275862068965517,13236.668110229877,0,0,0
4,3,0.5,6544.162476497799,0,0,0
8,7,0.25,8079.645390971227,0,0,0
10,7,0.4,7751.563597595133,0,0,0
4,2,0.5,6080.485235690179,0,0,0
6,3,0.6666666666666666,5623.524572087753,0,0,0
39,30,0.7435897435897436,20569.72066998636,0,1,0
8,6,0.375,7023.299842446449,0,0,0
3,2,1.0,5629.989216869644,0,0,0
2,2,0.0,5591.798695246971,0,0,0
7,6,0.5714285714285714,8086.544141728165,0,0,0
87,42,0.6781609195402298,31917.006980267608,0,1,0
20,14,0.6,8709.238120246626,0,0,0
1,1,0.0,7571.572712638543,0,0,0
10,6,0.6,6548.517602197639,0,0,0
2,2,0.5,5970.228698007728,0,0,0
5,4,0.4,5591.7988411653,0,0,0
23,15,0.5652173913043478,8031.651683450282,0,1,0
28,22,0.6428571428571429,13843.250334678794,0,0,0
43,19,0.6046511627906976,13080.55318109964,0,0,0
19,19,0.8421052631578947,8350.926767629364,0,0,0
1,1,1.0,5595.089800354144,0,0,0
1,1,1.0,5595.096138382855,0,0,0
1,1,1.0,5595.290441323824,0,0,0
1,1,0.0,7584.236238542988,0,1,0
10,6,0.4,6414.067990784176,0,0,0
45,30,0.7555555555555555,16370.654097932851,0,1,0
1,1,0.0,5663.825084222879,0,0,0
24,19,0.75,11784.526952415386,0,0,0
1,1,0.0,6003.037094008933,0,0,0
1,1,1.0,5928.073666812245,0,0,0
2,2,1.0,8282.35131951671,0,0,1
45,32,0.6666666666666666,10744.792679571192,0,0,0
15,13,0.4666666666666667,5654.748202080521,0,0,0
10,6,0.5,5591.798695246971,0,0,0
1,1,0.0,5591.798695246971,0,0,0
1,1,1.0,10881.08535444707,0,0,0
1,1,0.0,5662.654213909041,0,0,0
113,72,0.7876106194690266,22522.36286556595,0,0,0
11,8,0.45454545454545453,6843.345523081833,0,0,0
6,3,0.16666666666666666,5643.895461896034,0,0,0
58,36,0.5517241379310345,12235.086047821444,0,1,0
3,2,0.6666666666666666,7279.8564771668,0,0,0
6,5,0.8333333333333334,13542.555308250436,0,0,0
35,22,0.8285714285714286,14679.294047290903,0,0,0
5,3,0.2,6151.917434358031,0,0,0
4,4,0.0,5591.798695246971,0,0,0
5,3,0.2,5925.041307352079,0,0,0
4,3,0.5,5814.661375842221,0,0,0
52,36,0.5961538461538461,6843.013823498266,0,0,0
29,18,0.6896551724137931,10074.421513960859,0,0,0
2,1,1.0,5698.052391270743,0,0,0
10,8,0.8,7717.944532286816,0,0,0
34,27,0.7941176470588235,9875.267251484718,0,1,0
35,30,0.8857142857142857,27639.71344549025,0,0,0
8,5,0.375,5595.046199467595,0,0,0
13,9,0.6153846153846154,6564.925799663315,0,0,0
47,32,0.723404255319149,15371.093944153554,0,1,0
2,2,0.5,5599.210615854286,0,0,0
45,26,0.6,5874.358084698255,0,0,0
2,2,0.5,5595.29183274668,0,0,0
7,5,0.2857142857142857,5594.8650107870635,0,0,0
8,5,0.5,5595.48679821887,0,0,0
7,6,0.7142857142857143,7692.332651439207,0,0,0
10,9,0.5,6265.415949364116,0,0,0
2,2,0.5,5613.052739174112,0,0,0
3,3,0.6666666666666666,5632.181710773971,0,0,0
18,12,0.4444444444444444,6773.434405876861,0,0,0
3,2,0.3333333333333333,5781.164095617115,0,0,0
18,13,0.6111111111111112,8617.557367754056,0,0,0
45,34,0.7777777777777778,5828.240363008005,0,0,0
9,6,0.4444444444444444,5666.15748743574,0,0,0
34,26,0.6470588235294118,9259.509105481866,0,0,0
5,3,0.4,5595.163637337118,0,0,0
1,1,1.0,5632.381404922435,0,0,0
6,4,0.3333333333333333,5591.798695246971,0,0,0
5,5,0.8,7781.357141974334,0,0,0
3,3,0.0,6348.486170499308,0,0,0
1,1,0.0,5591.798695246971,0,0,0
14,11,0.7857142857142857,10059.5124502413,0,1,0
2,1,0.5,5634.223024447457,0,0,0
3,2,0.3333333333333333,5799.281784286272,0,0,0
14,11,0.5,8095.305998449195,0,0,0
4,2,0.5,5591.798695246971,0,0,0
5,5,0.8,7005.954517615187,0,1,0
1,1,0.0,5628.67772892303,0,0,0
28,23,0.8928571428571429,10200.685045794658,0,0,0
2,1,0.5,6002.998945954234,0,0,0
5,5,0.4,6580.354459665362,0,0,0
51,34,0.6666666666666666,9811.155541028338,0,2,0
1,1,1.0,5592.199838321672,0,0,0
3,2,0.6666666666666666,5598.309615385391,0,0,0
19,13,0.42105263157894735,6680.53539664398,0,0,0
1,1,0.0,5591.798695246971,0,0,0
6,6,0.5,6313.11849006691,0,0,0
1,1,0.0,5628.640667855154,0,0,0
12,7,0.5,7085.010052104934,0,0,0
1,1,0.0,5735.145880567617,0,0,0
13,13,0.7692307692307693,8788.146062929754,0,0,0
55,49,0.7454545454545455,14609.09799524141,0,2,0
2,1,0.5,5591.798695246971,0,0,0
42,35,0.7142857142857143,10537.73014574943,0,0,0
10,10,0.8,7405.1741438434065,0,1,0
28,19,0.5,7418.631784678115,0,0,0
7,7,0.8571428571428571,13248.723875386217,0,0,0
1,1,0.0,5733.929141171304,0,0,0
3,3,0.0,6079.8755086309475,0,0,0
1,1,0.0,6364.874688210488,0,0,0
41,29,0.6585365853658537,10368.275017404349,0,0,0
1,1,0.0,5591.798695246971,0,0,0
47,33,0.7446808510638298,10217.662692999063,0,0,0
59,39,0.7627118644067796,17945.217406980402,0,1,0
1,1,1.0,5950.160948410954,0,0,0
4,3,0.25,6550.606719356773,0,0,0
31,21,0.6774193548387096,13644.420427688126,0,1,0
111,76,0.8108108108108109,37104.07165697076,0,0,0
2,1,0.5,5591.798695246971,0,0,0
120,74,0.7333333333333333,24504.69629496851,0,0,0
67,47,0.7611940298507462,12914.454125146904,0,0,0
5,2,0.4,5925.678678096001,0,0,0
2,1,0.5,6770.291372049375,0,0,0
56,38,0.7678571428571429,14516.489774768494,0,3,0
14,10,0.7142857142857143,7617.609918093305,0,0,0
73,48,0.6575342465753424,13530.276648636314,0,1,0
10,8,0.7,8406.388141379904,0,0,0
38,29,0.7368421052631579,8188.821110973749,0,2,0
2,1,1.0,5634.1803804474375,0,0,0
1,1,1.0,5751.687367629038,0,0,0
2,2,0.5,5629.404487792595,0,0,0
32,22,0.84375,10669.685815638426,0,2,0
4,3,0.25,6279.0428659704585,0,0,0
9,5,0.4444444444444444,5890.257359168422,0,0,0
41,24,0.6585365853658537,13137.75218708158,0,0,0
5,5,0.4,5805.21252538014,0,0,0
1,1,1.0,6155.761640010244,0,0,0
50,32,0.62,10843.058037387276,0,1,0
20,13,0.6,8968.559309335076,0,0,0
3,3,0.0,6022.643810064111,0,0,0
6,3,0.5,5591.798695246971,0,0,0
43,29,0.6511627906976745,8923.10967187549,0,0,0
11,8,0.45454545454545453,7813.324576436257,0,0,0
18,13,0.7222222222222222,13583.591934698961,0,0,0
15,11,0.4,5600.4399542364845,0,0,0
10,7,0.9,6660.68932342685,0,1,0
40,35,0.8,13319.074013120846,0,2,0
38,31,0.7368421052631579,11842.33782551271,0,1,0
9,6,0.6666666666666666,7475.301204363885,0,0,0
5,4,0.2,5971.749564103732,0,0,0
51,34,0.6470588235294118,15370.090001303666,0,0,0
32,28,0.71875,10589.888113699573,0,0,0
4,2,0.5,5591.798695246971,0,0,0
11,11,0.6363636363636364,7205.570690625524,0,0,0
13,11,0.9230769230769231,8280.1690455012,0,0,0
39,25,0.6666666666666666,10887.875740425894,0,0,0
1,1,0.0,5597.294336387045,0,0,0
25,20,0.72,7435.178404800328,0,0,0
27,16,0.4444444444444444,7040.359957603552,0,0,0
3,2,0.3333333333333333,5820.43443120846,0,0,0
20,13,0.5,6254.663675137429,0,0,0
37,30,0.7567567567567568,10873.948561482339,0,0,0
36,28,0.7222222222222222,9085.072443338231,0,0,0
34,25,0.6764705882352942,11425.256921397702,0,0,0
2,1,0.0,5610.665617724104,0,0,0
7,5,0.5714285714285714,6721.718617250673,0,0,0
45,30,0.6,13222.375075741385,0,0,0
7,5,0.2857142857142857,7343.104583250311,0,0,0
1,1,1.0,5593.270055719282,0,0,0
2,2,1.0,6085.40850339935,0,0,0
12,7,0.5,8925.154281621328,0,0,0
4,2,0.5,5591.798695246971,0,0,0
19,15,0.8421052631578947,9256.094465832604,0,0,0
12,10,0.75,12104.674169958624,0,0,0
63,47,0.746031746031746,18410.130211848926,0,0,0
1,1,0.0,5814.891092746337,0,0,0
36,27,0.75,10604.65164657882,0,0,0
5,3,0.6,11431.108461802767,0,0,0
25,24,0.88,12370.12106216901,0,0,0
8,8,0.5,8342.191679515967,0,0,0
4,4,0.5,6371.8420053095015,0,0,0
20,17,0.85,8116.493949624226,0,0,0
73,47,0.6301369863013698,6284.780520030781,0,0,0
15,10,0.8,12743.167748035772,0,0,0
9,7,0.7777777777777778,8581.858600457941,0,0,0
2,1,0.0,5603.103691239505,0,0,0
2,1,0.5,5927.723542055146,0,0,0
55,36,0.6181818181818182,10872.81459488923,0,1,0
23,18,0.6956521739130435,7802.055415602517,0,0,0
8,7,0.875,5982.910095683859,0,0,0
11,10,1.0,11431.081066609291,0,0,0
10,9,0.7,8457.518534155415,0,0,0
7,5,0.42857142857142855,6764.540677008868,0,0,0
41,29,0.8048780487804879,10646.604050242806,0,1,0
1,1,1.0,5591.802130848568,0,0,0
2,1,0.5,5665.67797590455,0,0,0
37,28,0.7297297297297297,12676.482335228526,0,1,0
2,2,0.0,5776.844640480671,0,0,0
1,1,1.0,5591.798695246971,0,0,0
1,1,1.0,5621.129773975175,0,0,0
1,1,0.0,5682.0997893867925,0,0,0
6,6,0.8333333333333334,13547.55342971298,0,0,0
2,1,0.0,5606.8745502208285,0,0,0
7,5,0.5714285714285714,9217.790025100725,0,0,0
4,4,1.0,5688.988871353933,0,0,0
1,1,0.0,5591.798695246971,0,0,0
24,17,0.5833333333333334,7499.705697707785,0,0,0
4,3,0.25,5933.154713942003,0,0,0
4,3,0.5,6005.313295298542,0,0,0
5,3,0.6,6250.634862435608,0,0,0
2,2,1.0,6409.6572768228225,0,0,0
37,25,0.6756756756756757,9294.168903811602,0,0,0
31,24,0.5483870967741935,8599.17372502941,0,0,0
2,2,0.0,6304.672974538911,0,0,0
10,7,0.7,7315.277372702943,0,0,0
49,34,0.5918367346938775,8749.394267554391,0,0,0
3,3,0.6666666666666666,5992.375910195981,0,0,0
9,8,0.7777777777777778,8657.980123920992,0,0,0
2,1,0.5,5650.702617740585,0,0,0
15,13,0.8,8208.759894709634,0,0,0
3,2,0.0,5871.346015423513,0,0,0
48,31,0.6875,12028.783683066871,0,0,0
12,12,0.9166666666666666,13741.424833819596,0,0,0
1,1,1.0,5606.616877938621,0,0,0
33,30,0.9090909090909091,11471.753141056959,0,1,0
45,36,0.8,10412.893620038843,0,1,0
52,31,0.5576923076923077,10004.88542324664,0,1,0
33,31,0.9393939393939394,12809.287719403876,0,0,0
4,3,0.0,5777.405994426632,0,0,0
37,32,0.8648648648648649,10966.504475908858,0,1,0
29,25,0.8275862068965517,9023.22611453563,0,1,0
1,1,0.0,5680.348077013853,0,0,0
12,8,0.5,6550.25867183206,0,0,0
10,8,0.6,6790.030988575588,0,0,0
33,26,0.7878787878787878,10860.807235886183,0,0,0
5,3,0.4,7282.826138774284,0,0,0
1,1,0.0,6003.75326907114,0,0,0
25,22,0.68,8248.707609193185,0,0,0
16,15,0.8125,8245.372229821338,0,1,0
28,21,0.6428571428571429,11990.424531199733,0,0,0
2,2,0.0,5890.224929320537,0,0,0
4,3,0.25,5900.330102097493,0,0,0
57,42,0.7543859649122807,20005.748732151274,0,1,0
16,13,0.75,11713.79132827328,0,0,0
25,21,0.76,11474.466010891616,0,1,0
27,22,0.7777777777777778,9340.877394743866,0,0,0
24,19,0.7083333333333334,8523.992999275235,0,0,0
15,11,0.6,7589.156820903666,0,0,0
15,14,0.8666666666666667,12223.999418775666,0,0,0
1,1,1.0,5592.543802539738,0,0,0
9,8,0.5555555555555556,6513.517161052036,0,0,0
35,24,0.6571428571428571,7432.161578170323,0,0,0
3,2,0.6666666666666666,5705.547798928069,0,0,0
8,7,1.0,10296.934347770279,0,0,0
7,6,0.5714285714285714,6524.210540089866,0,0,0
7,7,1.0,7550.0770028764055,0,0,0
17,15,0.7647058823529411,8655.943396682691,0,0,0
2,1,0.5,5629.0471308963315,0,0,0
1,1,0.0,5781.149048880841,0,0,0
13,11,0.6153846153846154,7152.003576824674,0,0,0
2,1,0.5,5598.443419591041,0,0,0
1,1,0.0,5796.73932075941,0,0,0
5,3,0.6,5670.842914292463,0,0,0
17,15,0.5882352941176471,9033.0407456635,0,1,0
10,10,1.0,13991.732737570277,0,0,0
3,1,0.3333333333333333,6156.311065743513,0,0,0
13,8,0.6153846153846154,10129.972584423675,0,0,0
6,4,0.3333333333333333,7885.136024402597,0,0,0
4,4,0.5,6361.913416155441,0,0,0
11,9,0.9090909090909091,10775.11940003689,0,0,0
1,1,1.0,5897.927344925696,0,0,0
7,7,0.5714285714285714,9080.19065091886,0,0,0
15,11,0.6666666666666666,10161.285949175044,0,0,0
4,2,0.5,5593.639464886492,0,0,0
1,1,0.0,6069.045845603627,0,0,0
4,4,0.25,5742.28052324487,0,0,0
46,40,0.8478260869565217,11603.357195235383,0,2,0
5,3,0.6,5970.185863413958,0,0,0
39,28,0.6410256410256411,9830.789085391467,0,0,0
4,2,0.25,5815.26280125357,0,0,0
2,1,0.0,5813.013958847274,0,0,0
17,17,1.0,18936.839514798517,0,0,0
5,3,0.6,6399.892344381756,0,0,0
2,1,0.5,5626.900148871042,0,0,0
12,10,0.5,7219.988348290471,0,0,0
16,15,0.9375,15947.467623686416,0,0,0
9,5,0.5555555555555556,5624.951037546413,0,1,0
7,6,0.8571428571428571,9227.3851845516,0,0,0
9,4,0.4444444444444444,5829.709372412102,0,0,0
12,9,0.6666666666666666,6024.125819617564,0,0,0
35,25,0.7428571428571429,9187.47050894138,0,0,0
64,51,0.78125,16167.820371606886,0,1,0
1,1,1.0,5633.328902131405,0,0,0
1,1,0.0,5650.770526843419,0,0,0
1,1,0.0,5647.162700422878,0,0,0
46,40,0.8043478260869565,15188.841164082294,0,1,0
21,18,0.6666666666666666,7498.032660290718,0,0,0
3,2,0.6666666666666666,13493.46067548232,0,0,0
37,27,0.7027027027027027,11045.828681220739,0,0,0
1,1,1.0,5627.135148162553,0,0,0
16,12,0.625,8435.494213373526,0,1,0
3,3,1.0,6656.706739318311,0,0,0
20,20,0.95,24546.418181345118,0,0,0
2,1,0.5,6296.807619890722,0,0,0
13,10,0.7692307692307693,7318.714382667696,0,0,0
1,1,1.0,5974.811340005641,0,0,0
19,17,0.631578947368421,8088.713763274228,0,0,0
16,12,0.625,7486.818649128082,0,0,0
7,7,0.8571428571428571,8773.346537658867,0,0,0
19,14,0.5789473684210527,10019.30011817657,0,1,0
2,1,0.0,5591.798695246971,0,0,0
1,1,1.0,5637.643731275211,0,0,0
40,31,0.775,13240.700294689765,0,1,0
2,2,0.5,5684.223554243514,0,0,0
6,5,0.8333333333333334,9972.153752201792,0,0,0
1,1,1.0,5609.470728900168,0,0,0
2,1,0.5,7199.326760009032,0,0,0
3,3,0.3333333333333333,5665.67797590455,0,0,0
37,26,0.6756756756756757,11056.141641978014,0,1,0
8,6,0.375,6431.5954217259205,0,0,0
1,1,1.0,5617.601291202105,0,0,0
2,2,0.0,5684.297796705156,0,0,0
1,1,1.0,5621.29222485557,0,0,0
35,25,0.8857142857142857,24268.343373222786,0,0,0
20,20,0.95,23899.065587313096,0,0,0
19,18,0.9473684210526315,23896.418132396007,0,0,0
3,3,0.6666666666666666,6161.9746862901775,0,0,0
12,11,0.9166666666666666,9052.866806492544,0,0,0
28,26,0.9285714285714286,24063.677881091768,0,0,0
4,2,0.25,5595.346571225615,0,0,0
10,9,1.0,10266.23352642516,0,0,0
1,1,1.0,5613.911569677895,0,0,0
2,2,0.5,6178.842305848793,0,0,0
2,1,1.0,5655.378047198148,0,0,0
2,2,1.0,5671.28908473919,0,0,0
4,2,0.5,6274.166886071485,0,0,0
8,6,0.625,8168.710222645299,0,0,0
3,3,0.3333333333333333,5591.798695246971,0,0,0
1,1,0.0,5890.224929320537,0,0,0
13,12,0.6153846153846154,8838.223808074992,0,0,0
5,5,0.8,8707.836004904155,0,0,0
1,1,1.0,5592.166885091381,0,0,0
17,15,0.7647058823529411,9279.805670891696,0,0,0
2,2,0.0,5796.133391778887,0,0,0
10,9,0.8,14035.295855974973,0,0,0
4,3,0.5,5613.769038633672,0,0,0
48,31,0.625,8416.966338714381,0,0,0
3,2,0.3333333333333333,5591.798695246971,0,0,0
8,6,0.625,9147.37276774823,0,0,0
1,1,0.0,6357.316116146322,0,0,0
5,5,1.0,7538.54360123707,0,0,0
8,6,0.625,8548.173876900755,0,0,0
4,2,0.5,5928.073666812245,0,0,0
42,39,0.9761904761904762,19832.428877841303,0,0,0
1,1,1.0,5721.538719759623,0,0,0
1,1,0.0,5814.3442973785,0,0,0
52,42,0.8076923076923077,14446.91077703213,0,2,0
22,16,0.6818181818181818,10769.799201841632,0,0,0
27,25,0.9259259259259259,27781.864078214632,0,0,1
23,10,0.43478260869565216,7798.02248569827,0,0,0
3,3,0.3333333333333333,5777.2157964569715,0,0,0
9,8,0.7777777777777778,6886.367469824695,0,0,0
22,19,0.6818181818181818,12619.524212318918,0,0,0
3,2,0.6666666666666666,5969.884940523854,0,0,0
2,1,0.0,5653.304098323897,0,0,0
8,8,1.0,12808.310290533951,0,0,0
6,5,0.6666666666666666,13506.48624414587,0,0,0
13,12,0.7692307692307693,7205.550080417321,0,0,0
17,14,0.7058823529411765,8174.847032227412,0,0,0
7,5,0.5714285714285714,9486.913415514726,0,0,0
1,1,0.0,5696.326045253698,0,0,0
22,20,0.7272727272727273,9521.031639005643,0,0,0
4,3,0.5,6482.570701571892,0,0,0
2,2,1.0,5803.941204623514,0,0,0
2,1,0.0,5595.274560707885,0,0,0
4,2,0.25,5928.979006114783,0,0,0
63,38,0.6825396825396826,12704.221671483072,0,1,0
26,16,0.5,7943.726627002107,0,1,0
1,1,0.0,5721.834860834897,0,0,0
1,1,0.0,5591.798695246971,0,0,0
1,1,1.0,5680.437795530627,0,0,0
26,22,0.8076923076923077,8790.98859157092,0,1,0
27,23,0.6666666666666666,9775.456410662322,0,0,0
23,21,0.9565217391304348,28060.354751345745,0,0,0
7,4,0.5714285714285714,15931.018618449792,0,0,0
32,21,0.65625,8202.949437004818,0,0,0
1,1,1.0,9969.381938352139,0,0,0
4,3,0.5,6250.868771586139,0,0,0
1,1,0.0,5627.170692338981,0,0,0
2,2,0.0,5628.308338698214,0,0,0
7,6,0.7142857142857143,8724.462610265366,0,0,0
10,9,0.0,9066.773009704299,0,0,0
5,5,0.2,6834.20489678616,0,0,0
3,2,0.6666666666666666,7471.666792950376,0,0,0
37,30,0.7837837837837838,8537.946604104945,0,1,0
1,1,1.0,6829.544267451483,0,0,0
14,12,0.7142857142857143,7566.765900942816,0,1,0
1,1,0.0,6196.0212191402425,0,0,0
26,20,0.7307692307692307,10015.120847440077,0,0,0
19,15,0.631578947368421,10893.867811505064,0,0,0
2,1,0.0,5592.7214710582875,0,0,0
28,28,0.8928571428571429,21571.406823932994,0,0,0
15,13,0.8666666666666667,9272.256571167549,0,0,0
2,2,0.5,5966.348437039985,0,0,0
1,1,0.0,5687.8241418796915,0,0,0
13,12,0.9230769230769231,12819.038862377409,0,0,0
36,30,0.8055555555555556,11760.09009713018,0,1,0
16,13,0.8125,9492.057206007405,0,1,0
14,10,0.7142857142857143,8324.45708613951,0,0,0
3,2,0.3333333333333333,5591.802423113383,0,0,0
6,6,0.3333333333333333,9602.665322477596,0,0,0
19,18,0.9473684210526315,29337.224512999677,0,0,1
24,23,0.9583333333333334,28005.807098436697,0,0,0
19,18,0.5263157894736842,8389.008979431022,0,0,0
2,1,0.5,6183.818897191621,0,0,0
14,10,0.6428571428571429,8258.120577411406,0,0,0
1,1,1.0,5629.139484311907,0,0,0
8,5,0.5,5656.552585907037,0,0,0
1,1,0.0,5664.957264811476,0,0,0
3,3,0.6666666666666666,5890.248711897911,0,1,0
1,1,1.0,5595.477459357593,0,0,0
35,28,0.7714285714285715,10426.11805114868,0,0,0
40,31,0.875,11477.5968625463,0,0,0
1,1,1.0,5667.427823308943,0,0,0
1,1,0.0,5591.798695246971,0,0,0
14,13,0.5714285714285714,6170.9464123912185,0,1,0
34,23,0.6764705882352942,6047.938066947891,0,0,0
31,24,0.7419354838709677,9685.632984264532,0,1,0
2,2,1.0,6045.401720419394,0,1,0
1,1,0.0,5966.043616842864,0,0,0
33,27,0.6666666666666666,10742.9078507344,0,0,0
10,10,0.8,6680.0631420399295,0,0,0
9,9,1.0,12784.21933873228,0,0,0
7,7,1.0,10056.425466146298,0,0,0
38,34,0.9473684210526315,39654.27285817093,0,0,0
1,1,0.0,5591.798695246971,0,0,0
21,15,0.5238095238095238,6221.538171292195,0,0,0
3,3,0.3333333333333333,6150.513305121593,0,0,0
37,30,0.7297297297297297,10429.840783833231,0,0,0
3,2,0.3333333333333333,6023.2566917911345,0,0,0
7,4,0.42857142857142855,5804.445567879806,0,0,0
1,1,0.0,5882.669727137144,0,0,0
15,14,0.6666666666666666,7130.050712099231,0,0,0
10,10,0.3,6261.567267047344,0,1,0
23,21,0.7391304347826086,15478.805265422232,0,0,0
21,15,0.47619047619047616,5739.364196648221,0,0,0
1,1,1.0,5622.512805292098,0,0,0
15,13,0.6666666666666666,6204.944401599624,0,0,0
13,10,0.6153846153846154,8185.892267761283,0,0,0
22,20,0.9545454545454546,10756.801674485008,0,0,0
21,19,0.9047619047619048,11391.401177270187,0,0,0
1,1,1.0,5592.16651688337,0,0,0
32,27,0.875,29467.08643418806,0,0,0
20,18,0.95,27796.40903326814,0,0,0
22,19,0.9090909090909091,28097.837331996863,0,0,0
12,12,1.0,14056.725280229151,0,0,0
31,27,0.9032258064516129,28067.702808625898,0,0,0
16,13,0.625,5724.18800509365,0,0,0
25,23,0.92,27770.32485772969,0,0,0
28,18,0.6071428571428571,6250.042692528379,0,0,0
8,7,0.5,6265.9600169180985,0,0,0
24,23,0.9583333333333334,28062.82625809954,0,0,0
7,5,0.14285714285714285,5643.925185654408,0,0,0
1,1,1.0,5592.019437992376,0,0,0
19,15,0.7894736842105263,11132.89417011296,0,0,0
11,10,0.9090909090909091,8974.758234241397,0,0,0
10,10,0.8,6835.185012752099,0,0,0
57,34,0.47368421052631576,8315.444815080054,0,0,0
4,3,0.25,6466.723323377761,0,0,0
1,1,0.0,6002.2866983151325,0,0,0
9,9,0.7777777777777778,13212.726303632937,0,0,0
16,12,0.5625,8372.657788814544,0,2,0
5,5,0.2,7498.441356295029,0,0,0
6,6,0.8333333333333334,9219.61693288911,0,0,0
33,25,0.7878787878787878,9197.422721627998,0,0,0
2,2,0.5,5860.214865525507,0,0,0
2,2,0.5,6099.593981537161,0,0,0
9,8,0.5555555555555556,8486.773008128675,0,0,0
7,7,0.7142857142857143,6181.857793076662,0,0,0
1,1,0.0,6016.223525112044,0,0,0
8,8,0.75,6788.580920331962,0,0,0
11,10,0.8181818181818182,6869.511058985525,0,0,0
6,5,0.6666666666666666,6296.116109604973,0,0,0
13,10,0.6923076923076923,7803.981974167896,0,1,0
2,2,0.5,5695.365446572784,0,0,0
4,2,0.5,6387.649428378023,0,0,0
1,1,0.0,10894.860549733958,0,0,0
2,1,0.0,5666.104061877501,0,0,0
1,1,0.0,5609.524443577611,0,0,0
21,14,0.6190476190476191,7970.54711195254,0,0,0
1,1,0.0,5634.2157667782385,0,0,0
2,1,0.5,5625.725332103746,0,0,0
7,7,1.0,13781.27582256341,0,0,0
10,8,0.7,6714.427962121969,0,0,0
2,2,0.0,6547.791771490728,0,0,0
2,2,0.0,6003.77846577225,0,0,0
39,36,0.8461538461538461,16155.736021747547,0,0,0
9,9,0.8888888888888888,6918.796350112744,0,0,0
4,3,0.5,5654.625087620437,0,0,0
1,1,0.0,5786.4009564061025,0,0,0
8,8,0.875,13891.96262424226,0,0,0
29,26,0.7931034482758621,7321.864163558292,0,0,0
1,1,0.0,5908.6540444330285,0,0,0
5,3,0.6,6105.744904709611,0,0,0
36,32,0.75,9407.405985611042,0,1,0
13,8,0.46153846153846156,5987.740725607687,0,0,0
2,2,0.0,6217.186726612455,0,0,0
9,9,0.6666666666666666,10537.139250037337,0,0,0
7,4,0.2857142857142857,6501.326084116083,0,0,0
3,2,0.3333333333333333,5969.8143532030845,0,0,0
8,7,0.875,7232.207395161587,0,0,0
4,3,0.75,6052.434204000679,0,0,0
2,2,0.5,5677.563432272979,0,0,0
2,1,0.5,6872.3011359294205,0,0,0
26,18,0.6538461538461539,7964.1010573443455,0,0,0
11,8,0.6363636363636364,7331.515827120515,0,0,0
11,9,0.6363636363636364,7758.846193293229,0,1,0
15,12,0.8,9757.92815835734,0,1,0
1,1,0.0,5608.2889574945075,0,0,0
42,33,0.7857142857142857,10884.912017140108,0,2,0
9,9,0.5555555555555556,6571.097968674704,0,0,0
4,4,0.75,5664.902630111278,0,0,0
2,2,0.5,6852.22212025201,0,0,0
4,2,0.5,6029.784694109609,0,0,0
44,31,0.6590909090909091,10257.7500781899,0,0,0
8,7,0.5,10099.812177070722,0,0,0
2,1,0.5,5591.798695246971,0,0,0
1,1,0.0,5627.135147788393,0,0,0
10,9,0.8,12341.40323264915,0,0,0
62,45,0.6290322580645161,11012.868993986704,0,1,0
2,2,0.0,6344.563720562439,0,0,0
1,1,0.0,5662.641655801923,0,0,0
1,1,0.0,6505.522944433564,0,0,0
11,9,0.8181818181818182,11559.470901759443,0,0,0
11,7,0.7272727272727273,8432.299175893868,0,0,0
3,3,0.3333333333333333,5647.961734222953,0,0,0
11,10,0.7272727272727273,7004.302351461871,0,0,0
33,27,0.7575757575757576,10216.032678610964,0,0,1
6,6,0.6666666666666666,9221.976366605611,0,0,0
43,33,0.7441860465116279,7724.110621444116,0,2,0
36,28,0.7222222222222222,7664.356534004423,0,1,0
43,29,0.6744186046511628,9159.100918776603,0,0,0
1,1,0.0,5591.798695246971,0,0,0
21,18,0.5714285714285714,8024.106651529107,0,0,0
8,8,0.625,6504.495564728224,0,0,0
47,31,0.574468085106383,9084.463625616352,0,0,0
2,2,0.0,5591.798695246971,0,0,0
4,3,0.0,5610.223059908316,0,0,0
4,4,0.5,7638.481806088731,0,0,0
2,2,0.0,5591.798695246971,0,0,0
1,1,1.0,5859.5811147232835,0,0,0
12,8,0.8333333333333334,8166.803055987903,0,1,0
8,5,0.375,5806.2299277873835,0,0,0
21,14,0.7142857142857143,12872.330219006628,0,0,0
3,3,0.3333333333333333,5959.851688016917,0,0,0
2,2,0.0,6004.855811926037,0,0,0
27,25,0.8888888888888888,12466.864572962832,0,2,0
1,1,0.0,5927.694579171104,0,0,0
9,9,0.5555555555555556,11585.916439007415,0,0,0
6,6,0.3333333333333333,8459.226590724227,0,0,0
3,3,0.0,7278.113843944667,0,0,0
8,7,0.625,6679.545013879028,0,0,0
9,8,0.8888888888888888,7009.392503682261,0,0,0
15,11,0.4,5667.604553394698,0,0,0
35,29,0.7714285714285715,10599.435083735043,0,1,0
3,3,1.0,0.7455746300192282,0,0,0
1,1,0.0,5683.381655688837,0,0,0
8,5,0.625,6317.140504587244,0,0,0
1,1,1.0,5599.251939114285,0,0,0
19,17,0.7368421052631579,9315.49494499325,0,2,0
2,2,0.0,6030.887661440154,0,0,0
15,11,0.7333333333333333,6329.556395692649,0,0,0
1,1,1.0,6153.82200213677,0,0,0
1,1,1.0,6596.097040455005,0,0,0
3,2,0.6666666666666666,5959.761846995866,0,0,0
1,1,1.0,5617.735976516938,0,0,0
3,2,0.6666666666666666,5958.5247707054405,0,0,0
15,9,0.5333333333333333,7114.187608396815,0,0,0
4,3,0.5,5626.013440412201,0,0,0
4,3,0.5,5636.110720353847,0,0,0
23,20,0.8695652173913043,8887.030293765496,0,0,0
40,30,0.7,10457.310394046397,0,1,0
3,2,0.6666666666666666,5768.250287577359,0,0,0
2,2,0.0,5591.798695246971,0,0,0
20,18,0.95,8417.630528462627,0,1,0
1,1,1.0,5933.8720966090195,0,0,0
32,23,0.59375,7950.876318546077,0,1,0
13,10,0.6923076923076923,8655.6339259621,0,0,0
20,18,0.7,8512.537129284367,0,0,0
1,1,1.0,5819.281551730275,0,0,0
2,2,0.5,5975.156734559711,0,0,0
37,28,0.7297297297297297,18932.167407517183,0,0,0
2,1,0.0,5654.028900509561,0,0,0
43,33,0.7441860465116279,8976.69998201971,0,0,0
1,1,0.0,5591.798695246971,0,0,0
3,2,0.6666666666666666,6018.510229615089,0,0,0
14,7,0.7857142857142857,9292.257542864112,0,1,0
2,2,0.5,6077.664335516433,0,0,0
2,1,0.5,5620.087371097306,0,0,0
1,1,1.0,5852.079550286557,0,0,0
6,5,0.3333333333333333,6422.1393159086265,0,0,0
1,1,1.0,5963.607511727142,0,0,0
7,5,0.42857142857142855,7657.392022796949,0,0,0
1,1,1.0,6008.858897972833,0,0,0
6,4,0.5,6429.007927489665,0,0,0
8,8,0.875,8029.498479352597,0,0,0
5,4,0.8,5820.258276040409,0,0,0
3,2,0.6666666666666666,5610.316051857631,0,0,0
30,25,0.8333333333333334,10926.764495512172,0,0,0
10,8,0.8,7769.461263259607,0,0,0
18,16,0.8333333333333334,12089.430958585468,0,0,0
2,2,0.0,5729.029346785778,0,0,0
66,49,0.803030303030303,13370.801164814244,0,2,0
47,40,0.7446808510638298,9907.782025538145,0,0,0
4,3,0.75,6519.642317391033,0,0,0
1,1,0.0,5966.0139060824695,0,0,0
40,30,0.725,11019.876038003296,0,0,0
12,9,0.5,7535.495381309399,0,0,0
40,26,0.5,7293.481721636704,0,0,0
1,1,0.0,5888.670052080639,0,0,0
1,1,0.0,5616.522549847354,0,0,0
2,2,0.5,5890.224929320537,0,0,0
2,2,0.5,6978.163169862619,0,0,0
26,22,0.8076923076923077,15029.642228888573,0,1,0
4,3,0.5,6212.078785107078,0,0,0
54,38,0.7037037037037037,10003.44926037109,0,2,0
26,19,0.6538461538461539,7093.858390399771,0,0,0
1,1,0.0,5624.567331769605,0,0,0
2,1,0.5,5781.111612870714,0,0,0
34,22,0.6470588235294118,12427.710878181546,0,0,0
17,11,0.47058823529411764,5594.889531660055,0,0,0
1,1,1.0,5680.348077014345,0,0,0
12,10,0.5833333333333334,6136.769126878866,0,0,0
1,1,0.0,5591.798695246971,0,0,0
2,2,0.5,5856.264702557014,0,0,0
45,35,0.7111111111111111,8122.05154000121,0,1,0
35,28,0.8,22637.79631512012,0,1,0
1,1,1.0,6170.508674954915,0,0,0
2,2,0.0,6364.188093173002,0,0,0
1,1,1.0,5592.3502581325565,0,0,0
38,26,0.6842105263157895,8226.826878735017,0,0,0
2,2,0.5,5591.798695246971,0,0,0
10,8,0.7,7269.605289959766,0,0,0
1,1,1.0,5592.5443238783,0,0,0
35,24,0.5428571428571428,7622.655124546244,0,0,0
69,56,0.7101449275362319,15670.299066788124,0,1,0
18,13,0.6111111111111112,6533.756124594473,0,0,0
76,57,0.7236842105263158,20249.51042668062,0,2,0
42,33,0.5714285714285714,7942.0387387231,0,0,0
4,3,0.5,7195.250197865023,0,0,0
37,29,0.6756756756756757,8782.619148854983,0,1,0
28,20,0.6428571428571429,6890.383012684035,0,0,0
4,4,1.0,7427.703166678087,0,0,0
14,12,0.7857142857142857,7465.134561241595,0,0,0
4,3,0.25,6096.176136256419,0,0,0
2,1,0.0,5813.820104905232,0,0,0
2,2,0.5,6243.49176684184,0,0,0
61,42,0.7377049180327869,19190.277985646033,0,1,0
50,41,0.76,9480.697826240908,0,0,0
3,3,0.3333333333333333,5592.682875109935,0,0,0
19,14,0.5789473684210527,7506.733847249646,0,0,0
13,9,0.38461538461538464,6608.545946293258,0,0,0
18,11,0.6111111111111112,7680.218793230087,0,0,0
1,1,1.0,7584.236238614439,0,0,0
17,16,0.7058823529411765,7390.027008386096,0,0,0
47,28,0.6170212765957447,9413.97210919321,0,0,0
8,7,0.5,6229.152323967734,0,0,0
46,27,0.6086956521739131,9881.373673614979,0,0,0
18,17,0.7777777777777778,9103.796450142321,0,0,0
28,19,0.5,7426.934882911147,0,0,0
12,10,0.75,13081.602059331806,0,0,0
2,1,0.5,5591.798695246971,0,0,0
2,1,0.0,6061.498799845917,0,0,0
2,1,0.5,5599.183043170641,0,0,0
1,1,0.0,5646.443168338728,0,0,0
1,1,0.0,5628.6719575166235,0,0,0
14,14,0.7857142857142857,7201.135852687443,0,0,0
16,13,0.8125,8400.677687655385,0,1,0
11,7,0.9090909090909091,7338.48304774331,0,0,0
3,3,0.3333333333333333,5647.162700798128,0,0,0
21,14,0.42857142857142855,6137.930426342513,0,1,0
29,17,0.5172413793103449,6123.46661712701,0,0,0
7,7,1.0,11679.886216436778,0,0,0
36,27,0.7222222222222222,8704.524006015763,0,0,0
4,4,0.25,5592.139040854979,0,0,0
38,32,0.8947368421052632,12504.999208709658,0,1,0
60,44,0.6333333333333333,16645.601965076738,0,2,0
26,18,0.6538461538461539,8517.92650238257,0,2,0
42,34,0.6428571428571429,8238.004593564096,0,0,0
9,7,0.5555555555555556,5836.097980675524,0,0,0
1,1,1.0,5724.772068667934,0,0,0
10,9,0.7,6456.125162573986,0,0,0
3,3,0.6666666666666666,6068.03535466297,0,0,0
1,1,0.0,5777.2232433101935,0,0,0
1,1,1.0,5612.261889330476,0,0,0
3,2,0.6666666666666666,5615.892607578092,0,0,0
20,16,0.75,6538.965522683897,0,0,0
16,13,0.8125,12748.85595629789,0,0,0
15,13,0.3333333333333333,7429.80001432951,0,0,0
15,9,1.0,14618.933708993114,0,0,0
57,43,0.7543859649122807,13245.060132642033,0,2,0
31,26,0.9032258064516129,8421.048118568438,0,1,0
2,2,1.0,5952.746028427765,0,0,0
4,3,0.25,5946.473954577988,0,0,0
1,1,0.0,5610.2230602829495,0,0,0
12,9,0.5,6383.50593736334,0,0,0
66,52,0.7575757575757576,22729.746298267004,0,1,0
17,13,0.8235294117647058,7281.492413744478,0,0,0
1,1,1.0,5610.204590458787,0,0,0
2,1,0.5,5795.5711291176485,0,0,0
4,4,0.5,6649.65866942249,0,0,0
2,2,1.0,5813.0501907618245,0,0,0
14,9,0.8571428571428571,6252.144182442963,0,0,0
4,3,0.5,5643.411260177166,0,0,0
4,3,0.25,6157.1034396918585,0,0,0
31,23,0.3225806451612903,5622.181065488453,0,0,0
4,3,0.5,6397.161818586072,0,0,0
2,1,0.0,9037.029809928013,0,0,0
28,17,0.5714285714285714,6633.025242766722,0,0,0
33,26,0.5151515151515151,12629.806687985032,0,1,0
2,2,0.5,5683.592112917013,0,0,0
19,16,0.7368421052631579,7466.744215205327,0,0,0
3,2,0.6666666666666666,5596.224345697686,0,0,0
1,1,0.0,5720.376399543496,0,0,0
7,5,0.5714285714285714,6752.885554533486,0,0,0
6,6,0.8333333333333334,7165.256786714758,0,0,0
13,13,1.0,10993.94501289152,0,0,0
2,2,0.0,6160.126589461197,0,0,0
1,1,0.0,5591.798695246971,0,0,0
4,3,0.0,5705.43965329878,0,0,0
16,12,0.5625,6895.0095178176725,0,0,0
5,4,0.2,5591.798695246971,0,0,0
2,1,0.5,6161.575831436847,0,0,0
8,8,0.75,7802.059196791864,0,0,0
35,27,0.6,8731.902275513581,0,0,0
8,8,0.75,10123.673415762609,0,0,0
5,5,0.8,6150.915646270569,0,0,0
8,7,0.5,6237.665989805117,0,0,0
13,11,0.6923076923076923,6432.8904418049415,0,0,0
13,11,0.6923076923076923,6240.925578324875,0,0,0
12,10,0.75,6646.715909460219,0,0,0
50,42,0.78,11344.945426998704,0,1,0
35,25,0.7428571428571429,11176.027016185983,0,1,0
28,21,0.6428571428571429,7777.44522962271,0,0,0
14,12,0.7142857142857143,8928.464351406641,0,0,0
7,7,0.5714285714285714,7620.23011055308,0,0,0
9,8,0.8888888888888888,9658.548390158421,0,0,0
56,36,0.625,8968.441751506312,0,1,0
1,1,0.0,5665.67797590455,0,0,0
15,14,0.8666666666666667,7311.503571397002,0,0,0
1,1,1.0,5591.531845510752,0,0,0
3,3,0.0,6320.247894669437,0,0,0
1,1,0.0,5591.798695246971,0,0,0
1,1,0.0,5599.161118276598,0,0,0
2,2,0.0,6235.2272318016085,0,0,0
49,42,0.7142857142857143,9905.064958947787,0,0,0
7,6,0.7142857142857143,7749.784174945874,0,0,0
52,39,0.7307692307692307,10571.458529931984,0,1,0
4,3,0.25,5684.223554243514,0,0,0
39,31,0.6153846153846154,9041.161316566266,0,0,0
50,33,0.76,8957.447235757038,0,0,0
27,19,0.6666666666666666,9468.353516891111,0,0,0
31,27,0.7096774193548387,9077.45027111706,0,0,0
21,19,0.6666666666666666,7930.520739452017,0,0,0
2,1,1.0,6791.919971596243,0,0,0
15,14,0.8,6931.585341169559,0,0,0
1,1,0.0,8989.961253255926,0,0,0
24,20,0.5833333333333334,8683.782641210637,0,0,0
10,8,0.6,7518.039804996872,0,1,0
3,3,0.6666666666666666,6267.134190014369,0,0,0
3,3,0.6666666666666666,6142.805168688976,0,0,0
30,19,0.6,6314.993026300716,0,0,0
3,3,0.0,5591.798695246971,0,0,0
2,1,0.5,5679.9162092293745,0,0,0
4,4,0.75,6958.374029041302,0,1,0
2,2,0.0,6043.304019778876,0,0,0
5,4,0.4,5962.241167687101,0,0,0
2,2,0.0,5621.29222485557,0,0,0
12,10,0.9166666666666666,13039.34640123402,0,0,0
30,25,0.7,16939.261059744505,0,0,0
10,10,0.7,11729.82590959382,0,0,0
29,20,0.5517241379310345,6313.825070128863,0,1,0
1,1,1.0,5747.166047624499,0,0,0
16,9,0.4375,5591.798695246971,0,0,0
1,1,0.0,5687.8427086091615,0,0,0
2,1,0.5,5603.256556406049,0,0,0
33,21,0.5757575757575758,8350.16699816112,0,0,0
8,8,0.625,6375.554802526717,0,0,0
7,7,0.7142857142857143,5864.435419753963,0,0,0
9,8,0.6666666666666666,6258.919307073401,0,0,0
24,16,0.75,9890.21745772142,0,0,0
18,15,0.6666666666666666,6346.23763219833,0,0,0
17,17,0.7647058823529411,7758.3785895187975,0,0,0
49,36,0.6326530612244898,9739.762992408314,0,1,0
3,3,0.3333333333333333,6352.409831378284,0,0,0
8,8,0.125,5597.769544088237,0,0,0
45,36,0.7111111111111111,13192.779801725903,0,0,0
2,2,0.5,6095.934753522581,0,0,0
8,6,0.5,6171.045933835488,0,0,0
20,13,0.6,7914.755033899476,0,0,0
16,16,0.875,7966.319228753054,0,0,0
13,9,0.6153846153846154,7103.491721992276,0,0,0
4,4,0.75,5645.576430189857,0,0,0
55,39,0.6909090909090909,26545.98839664655,0,1,0
81,38,0.4691358024691358,15420.926315270734,0,1,0
2,2,0.0,5599.1648045003285,0,0,0
17,15,0.8823529411764706,9130.101519820784,0,0,0
57,44,0.8245614035087719,19526.29943607563,0,0,0
17,15,0.7647058823529411,7505.600962747771,0,0,0
53,28,0.5094339622641509,6901.761628607081,0,1,0
2,2,1.0,5707.294320025616,0,0,0
19,19,0.9473684210526315,16254.342902980568,0,0,0
16,12,0.9375,7976.784711687893,0,0,0
5,5,0.4,6099.28720713628,0,1,0
11,11,1.0,7172.085597263852,0,0,0
11,9,0.5454545454545454,6857.137006102764,0,0,0
30,25,0.7,7816.215041255458,0,0,0
9,8,0.7777777777777778,8245.410961497828,0,0,0
1,1,1.0,5702.03719783995,0,0,0
5,4,0.4,6387.777341473387,0,0,0
13,9,0.46153846153846156,6163.086398554263,0,0,0
1,1,1.0,5754.958151545258,0,0,0
2,2,0.0,5746.703659784099,0,0,0
6,4,0.6666666666666666,7569.226200228405,0,0,0
11,11,0.9090909090909091,7793.042565473222,0,0,0
18,13,0.6111111111111112,6303.06365053829,0,0,0
3,2,0.3333333333333333,6043.304019776371,0,0,0
9,5,0.5555555555555556,6420.645839185974,0,0,0
4,3,0.5,6335.165856124622,0,0,0
20,18,0.8,8109.570497304958,0,0,0
18,15,0.8333333333333334,10394.176446947511,0,2,0
1,1,1.0,5848.700074224106,0,0,0
38,30,0.6578947368421053,8239.862106703436,0,0,0
26,18,0.6538461538461539,8499.40316671322,0,0,0
4,4,0.5,6066.234274825491,0,0,0
3,2,0.3333333333333333,8326.914658373864,0,0,0
2,2,0.0,5777.280918785032,0,0,0
15,14,0.8666666666666667,6998.5339310817235,0,0,0
18,14,0.5555555555555556,6332.120994841705,0,0,0
23,14,0.6956521739130435,8944.481088342785,0,0,0
59,40,0.6610169491525424,8724.34702388251,0,1,0
27,17,0.5925925925925926,8125.392336262894,0,1,0
95,67,0.6631578947368421,19510.039095737386,0,1,0
19,13,0.631578947368421,7376.042075079916,0,0,0
35,29,0.7714285714285715,7262.978194110193,0,1,0
45,31,0.6444444444444445,10488.476910065807,0,1,0
7,6,0.7142857142857143,6604.523454634263,0,0,0
34,26,0.8235294117647058,18221.73298549736,0,1,0
2,2,0.0,6156.9989699083,0,0,0
7,7,0.42857142857142855,6330.916631490447,0,0,0
17,13,0.7058823529411765,8713.67780282987,0,0,0
3,2,0.3333333333333333,5687.2774182990315,0,0,0
1,1,0.0,5591.798695246971,0,0,0
2,2,0.0,5712.098739935295,0,0,0
6,6,1.0,12917.001784363614,0,0,0
2,2,1.0,5622.054596084133,0,0,0
3,3,0.0,6274.166886058814,0,0,0
15,11,0.5333333333333333,5739.580695873945,0,0,0
19,14,0.7368421052631579,6857.217591815525,0,0,0
2,2,0.0,6433.139708791843,0,0,0
5,5,0.8,5723.096776405124,0,0,0
20,16,0.8,13966.935764273361,0,0,0
8,8,0.875,7529.166764570691,0,0,0
31,26,0.7741935483870968,11686.413907638746,0,0,0
7,6,0.7142857142857143,6922.7852824782985,0,0,0
1,1,1.0,5627.135148162553,0,0,0
10,8,0.6,5716.83072375095,0,0,0
21,19,0.8095238095238095,18018.678652752824,0,0,0
14,13,0.7857142857142857,6836.444206252311,0,0,0
1,1,1.0,5629.141020288595,0,0,0
11,11,0.8181818181818182,9962.594687355831,0,0,0
14,14,0.8571428571428571,10276.420967704094,0,0,0
2,2,0.5,5591.798695246971,0,0,0
9,4,0.3333333333333333,5591.8355132013285,0,0,0
2,2,0.5,5591.798695246971,0,0,0
2,2,1.0,5632.856702433657,0,0,0
10,6,0.4,6017.656240598139,0,0,0
5,4,0.6,6100.116448437868,0,0,0
2,2,0.5,5602.849676761075,0,0,0
45,33,0.7111111111111111,10046.58988193011,0,1,0
3,3,0.3333333333333333,5941.7608347121695,0,0,0
1,1,1.0,5966.043617619219,0,0,0
6,5,0.5,5601.7005897871595,0,0,0
18,15,0.7777777777777778,7256.946058672977,0,1,0
3,2,0.3333333333333333,5591.798695246971,0,0,0
41,32,0.6341463414634146,13131.390204627662,0,1,0
2,2,0.5,5651.056603654014,0,0,0
27,26,0.7037037037037037,23762.72371216787,0,0,0
26,20,0.6923076923076923,7613.121918709036,0,0,0
22,8,0.0,6114.954860026549,0,0,0
4,3,0.25,5592.166885464114,0,0,0
1,1,0.0,5743.679678447677,0,0,0
1,1,1.0,5593.271528843528,0,0,0
10,8,0.8,8682.914862702773,0,0,0
39,36,0.8205128205128205,13211.985334483627,0,0,0
22,21,0.9090909090909091,11622.732628048725,0,0,0
8,8,1.0,11056.122876961272,0,0,0
4,4,0.75,6110.788100216079,0,0,0
3,2,0.3333333333333333,7037.050766989606,0,0,0
3,2,0.3333333333333333,7161.4410392055215,0,0,0
1,1,0.0,5908.657517052071,0,0,0
26,18,0.6538461538461539,6872.213330861668,0,0,0
12,9,0.8333333333333334,7798.057316238962,0,0,0
25,19,0.72,7373.8270321570635,0,0,0
1,1,0.0,5591.798695246971,0,0,0
21,17,0.5714285714285714,5966.200041689907,0,0,0
17,14,0.7058823529411765,7947.447526281866,0,0,0
54,35,0.6111111111111112,10015.421148333658,0,0,0
3,2,0.0,5743.089855090146,0,0,0
43,34,0.627906976744186,9775.032159490389,0,1,0
2,2,0.0,5854.466266538874,0,0,1
20,17,0.75,6840.196491182046,0,0,0
9,9,0.5555555555555556,6037.666135342529,0,0,0
25,20,0.88,13506.42020807259,0,0,0
2,2,0.0,5966.043617619219,0,0,0
2,2,1.0,5629.178673055933,0,0,0
1,1,1.0,5629.141020288595,0,0,0
23,17,0.5652173913043478,6481.902230559012,0,0,0
1,1,1.0,5636.555788457754,0,0,0
1,1,1.0,5665.832310737939,0,0,0
6,5,0.6666666666666666,7658.187458434398,0,0,0
8,6,0.625,7014.852766486357,0,0,0
2,1,0.5,5591.798695246971,0,0,0
1,1,1.0,5714.759734806015,0,0,0
26,21,0.6923076923076923,9213.855735737763,0,0,0
25,23,0.76,11752.67033010635,0,0,0
19,19,0.8947368421052632,7598.087863759244,0,0,0
9,7,0.4444444444444444,5665.4502509174745,0,0,0
3,2,0.6666666666666666,6133.053724352233,0,0,0
9,6,0.5555555555555556,5621.058085921979,0,0,0
3,1,0.6666666666666666,7809.014970352946,0,0,0
6,6,0.5,14223.266330006643,0,0,0
1,1,0.0,6076.45147992098,0,0,0
10,10,0.8,6770.403592189314,0,0,0
51,31,0.5686274509803921,8261.589325630084,0,1,0
11,10,0.8181818181818182,6955.944029021708,0,0,0
1,1,1.0,5725.019097756608,0,0,0
5,3,0.4,5772.073445301058,0,0,0
5,4,0.6,6046.393468601961,0,0,0
17,17,0.9411764705882353,18419.644435833427,0,0,0
8,8,0.5,6448.481471755412,0,0,0
47,35,0.7659574468085106,11210.844903993904,0,1,0
1,1,0.0,5635.360406316068,0,0,0
18,16,0.7222222222222222,8791.101183696814,0,0,0
9,8,0.6666666666666666,7920.337028616816,0,0,0
18,17,0.8888888888888888,7480.050118244801,0,0,0
7,6,0.7142857142857143,7269.54744271336,0,0,0
10,10,0.9,8176.1443176125385,0,0,0
31,27,0.8064516129032258,9959.91926023813,0,0,0
12,8,0.5,7295.128006703656,0,0,0
2,2,0.0,5897.783798154661,0,0,0
53,44,0.8113207547169812,8631.04659776758,0,0,0
5,4,0.4,5699.077932151495,0,0,0
12,12,0.8333333333333334,13590.355895043034,0,0,0
